InChiKey,SMILES,IC50_1uM,IC50_2.5uM,maip,NF54_IC50_72h_1uM,NF54_50PercInh_LDH,NF54_50PercInh_LUM,LogS,LogD,LogP,Pgp-inh,Pgp-sub,HIA,F(20%),F(30%),Caco-2,MDCK,BBB,PPB,VDss,Fu,CYP1A2-inh,CYP1A2-sub,CYP2C19-inh,CYP2C19-sub,CYP2C9-inh,CYP2C9-sub,CYP2D6-inh,CYP2D6-sub,CYP3A4-inh,CYP3A4-sub,CL,T12,hERG,H-HT,DILI,Ames,ROA,FDAMDD,SkinSen,Carcinogenicity,EC,EI,Respiratory,BCF,IGC50,LC50,LC50DM,NR-AR,NR-AR-LBD,NR-AhR,NR-Aromatase,NR-ER,NR-ER-LBD,NR-PPAR-gamma,SR-ARE,SR-ATAD5,SR-HSE,SR-MMP,SR-p53,MW,Vol,Dense,nHA,nHD,TPSA,nRot,nRing,MaxRing,nHet,fChar,nRig,Flex,nStereo,NonGenotoxic_Carcinogenicity,LD50_oral,Genotoxic_Carcinogenicity_Mutagenicity,SureChEMBL,NonBiodegradable,Skin_Sensitization,Acute_Aquatic_Toxicity,Toxicophores,QED,Synth,Fsp3,MCE-18,Natural Product-likeness,Alarm_NMR,BMS,Chelating,PAINS,Lipinski,Pfizer,GSK,GoldenTriangle
ASHDDJQMDVGBKA-UHFFFAOYSA-N,Nc1nc(=O)c2ncn(COCCOc3cncc4nnc(-c5ccc(OC(F)F)cc5)n34)c2[nH]1,0.00000067695055,0.03005049,25.4948110458699,0.40319645,0.1596684,0.15256974,-3.68,0.538,0.019,0.003,0.997,0.009,0.914,0.963,-5.716,8.50109427119605E-06,0.187,73.5504379272461%,0.848,37.41487121582031%,0.056,0.978,0.13,0.037,0.018,0.007,0.018,0.016,0.147,0.24,7.318,0.803,0.958,0.997,0.993,0.579,0.08,0.955,0.691,0.956,0.003,0.008,0.938,0.003,1.951,3.066,5.06,0,0.002,0.142,0.28,0.011,0.011,0.002,0.365,0.006,0,0.058,0.011,485.14,428.96,1.131,13,3,161.09,9,5,9,15,0,28,0.321,0,1,0,3,0,1,0,2,1,0.263,3.401,0.2,27,-1.345,2,0,0,0,Accepted,Accepted,Rejected,Accepted
QHAHYJVOCMFSJF-UHFFFAOYSA-N,CN1CCC(COc2cncc3nnc(-c4ccc(OC(F)F)cc4)n23)CC1,0.0000018125986,0.007724916,39.4051611532578,0.32852024,0.2705026,0.12935404,-3.293,2.148,2.674,0.003,0.744,0.004,0.002,0.014,-4.595,1.21856801342801E-05,0.898,63.805328369140625%,1.332,44.34195327758789%,0.95,0.889,0.232,0.827,0.048,0.173,0.929,0.913,0.509,0.512,9.686,0.241,0.984,0.588,0.048,0.012,0.089,0.971,0.685,0.217,0.003,0.007,0.798,1.922,3.464,3.937,4.402,0,0.005,0.042,0.009,0.016,0.004,0.004,0.093,0.007,0.001,0.008,0.006,389.17,369.199,1.054,7,0,64.78,6,4,9,9,0,22,0.273,0,0,0,0,0,0,0,2,0,0.646,2.799,0.421,49.778,-1.683,2,0,0,0,Accepted,Accepted,Accepted,Accepted
DLRPIOHPRHSCQA-CVEARBPZSA-N,CC(C)(C)OC(=O)N[C@@H]1CCC[C@@H]1Oc1cncc2nnc(-c3ccc(OC(F)F)cc3)n12,0.0000059628283,0.0036310519,41.8281914791595,0.24809271,0.056811277,0.07064427,-5.402,3.729,4.592,0.959,0.013,0.004,0.026,0.986,-4.797,1.6807936844998E-05,0.62,89.22557830810547%,1.46,12.588052749633789%,0.944,0.423,0.915,0.383,0.92,0.066,0.57,0.161,0.951,0.44,8.913,0.365,0.923,0.898,0.773,0.014,0.301,0.971,0.167,0.694,0.003,0.007,0.639,1.093,3.584,4.061,4.253,0.002,0.02,0.159,0.078,0.016,0.005,0.003,0.33,0.005,0.002,0.187,0.006,461.19,436.03,1.058,9,1,99.87,9,4,9,11,0,22,0.409,2,0,0,1,0,2,0,3,1,0.587,3.674,0.455,82.812,-1.314,2,0,0,0,Accepted,Accepted,Rejected,Accepted
YCLVOUUHQLXGBI-QNTKWALQSA-N,Cl.N[C@H]1CCC[C@@H]1Oc1cncc2nnc(-c3ccc(OC(F)F)cc3)n12,0.000041097108,0.17075181,36.7927761637207,0.32212734,0.16123153,0.17483677,-3.834,2.367,2.262,0.111,0.917,0.008,0.043,0.129,-5.247,1.30922962853219E-05,0.447,66.37272644042969%,2.385,35.344871520996094%,0.974,0.528,0.556,0.241,0.141,0.063,0.716,0.792,0.936,0.264,8.698,0.306,0.973,0.74,0.349,0.051,0.115,0.98,0.865,0.585,0.003,0.01,0.744,1.672,3.571,4.033,4.512,0.002,0.218,0.134,0.125,0.016,0.005,0.004,0.229,0.009,0,0.036,0.007,361.14,334.607,1.079,7,2,87.56,5,4,9,9,0,21,0.238,2,0,0,0,0,0,0,2,0,0.752,3.636,0.353,72.13,-1.255,2,0,0,0,Accepted,Accepted,Accepted,Accepted
YCLVOUUHQLXGBI-JHEYCYPBSA-N,Cl.N[C@H]1CCC[C@H]1Oc1cncc2nnc(-c3ccc(OC(F)F)cc3)n12,0.000041097108,0.17075181,36.7927761637207,0.32212734,0.16123153,0.17483677,-4.008,2.447,2.364,0.068,0.977,0.008,0.014,0.032,-5.295,1.07951191239408E-05,0.425,69.58805084228516%,2.181,37.389671325683594%,0.983,0.59,0.567,0.154,0.145,0.063,0.696,0.863,0.927,0.253,7.49,0.312,0.97,0.723,0.318,0.028,0.119,0.981,0.764,0.552,0.003,0.009,0.697,1.865,3.763,4.222,4.689,0.002,0.019,0.097,0.059,0.016,0.005,0.004,0.2,0.009,0.001,0.022,0.006,361.14,334.607,1.079,7,2,87.56,5,4,9,9,0,21,0.238,2,0,0,0,0,0,0,2,0,0.752,3.636,0.353,72.13,-1.255,2,0,0,0,Accepted,Accepted,Accepted,Accepted
AGFVVGLNNVVMAP-UHFFFAOYSA-N,O=[N+]([O-])c1ccc(COc2cncc3nnc(-c4ccc(OC(F)F)cc4)n23)c(Cl)c1,0.05995708,0.31771046,21.2322695026226,0.3030639,0.106676005,0.090404965,-5.127,3.867,3.954,0.013,0.001,0.005,0.001,0.002,-4.614,0.000201305621885695,0.311,98.14833068847656%,0.93,1.2373106479644775%,0.973,0.184,0.924,0.074,0.94,0.159,0.676,0.473,0.868,0.419,7.273,0.158,0.911,0.679,0.929,0.948,0.072,0.965,0.251,0.681,0.003,0.01,0.853,2.349,4.689,6.123,6.095,0.001,0.139,0.34,0.832,0.015,0.01,0.003,0.545,0.009,0.002,0.73,0.017,447.05,391.444,1.142,9,0,104.68,7,4,9,12,0,23,0.304,0,1,0,5,0,3,1,3,2,0.302,2.783,0.105,23,-1.975,3,0,0,0,Accepted,Accepted,Rejected,Accepted
ZYTVHMGRJYBNIA-OJERSXHUSA-N,COC(=O)[C@H]1C[C@@H](Oc2cncc3nnc(-c4ccc(OC(F)F)cc4)n23)CN1.Cl,0.000022393042,0.0052040666,37.7007674244795,0.26297554,0.065528646,0.19228162,-2.341,1.711,1.634,0.079,0.491,0.005,0.006,0.745,-4.973,9.3819244284532E-06,0.507,53.49407958984375%,1.396,57.0439338684082%,0.939,0.691,0.714,0.584,0.177,0.082,0.248,0.855,0.905,0.376,6.224,0.557,0.938,0.969,0.828,0.054,0.079,0.992,0.516,0.093,0.003,0.008,0.856,1.116,3.303,4.427,5.296,0.001,0.011,0.06,0.003,0.014,0.003,0.004,0.062,0.006,0.001,0.008,0.005,405.12,366.847,1.104,9,1,99.87,7,4,9,11,0,22,0.318,2,0,0,0,0,0,0,2,0,0.619,3.708,0.333,73.333,-1.098,2,0,0,0,Accepted,Accepted,Rejected,Accepted
QGKBKUOQPXNNDH-UHFFFAOYSA-N,FC(F)Oc1ccc(-c2nnc3cncc(OCc4ccc(-n5ccnc5)cc4)n23)cc1,0.00000077584195,0.014320134,41.0755939501197,0.25768697,0.16562566,0.2362459,-4.535,2.823,3.056,0.005,0.003,0.007,0.001,0.005,-4.694,4.73707150376868E-05,0.076,93.55817413330078%,1.377,7.949823379516602%,0.995,0.167,0.92,0.065,0.917,0.061,0.968,0.036,0.972,0.753,9.428,0.519,0.978,0.708,0.979,0.04,0.028,0.985,0.933,0.071,0.003,0.009,0.169,2.061,3.918,4.276,3.918,0,0.005,0.44,0.93,0.013,0.05,0.003,0.822,0.009,0.002,0.214,0.018,434.13,410.344,1.058,8,0,79.36,7,5,9,10,0,27,0.259,0,0,0,0,0,0,1,2,2,0.383,2.792,0.091,25,-1.932,2,0,0,0,Accepted,Accepted,Rejected,Accepted
BMVHRMGBJSTBJE-UHFFFAOYSA-N,COc1ccc(-c2cc(COc3cncc4nnc(-c5ccc(OC(F)F)cc5)n34)no2)cc1,0.006296314,0.6115078,30.6387772845125,0.2948133,0.18862863,0.11988241,-5.181,3.064,3.965,0.934,0.001,0.006,0.002,0.081,-4.564,1.15295006253291E-05,0.321,97.98062896728516%,1.334,1.840437889099121%,0.982,0.625,0.895,0.085,0.902,0.685,0.367,0.867,0.9,0.545,5.357,0.133,0.924,0.878,0.98,0.203,0.017,0.977,0.048,0.64,0.003,0.009,0.802,2.913,4.875,6.533,6.508,0.003,0.023,0.577,0.117,0.03,0.006,0.004,0.848,0.045,0.001,0.306,0.007,465.12,434.224,1.071,9,0,96.8,8,5,9,11,0,27,0.296,0,0,0,0,0,0,1,2,0,0.327,2.808,0.13,26,-1.736,2,0,0,0,Accepted,Accepted,Rejected,Accepted
XXRTXQJGKXMOEG-BTQNPOSSSA-N,Cl.FC(F)Oc1ccc(-c2nnc3cncc(O[C@@H]4CCCNC4)n23)cc1,0.000011489179,0.012644799,43.7111545135386,0.2610444,0.22178604,0.09034856,-2.431,2.005,1.847,0.021,0.952,0.004,0.002,0.017,-4.86,8.73652152222348E-06,0.782,62.60805130004883%,1.621,50.645118713378906%,0.976,0.654,0.563,0.62,0.216,0.085,0.928,0.863,0.9,0.309,7.374,0.469,0.96,0.955,0.387,0.124,0.076,0.991,0.858,0.185,0.003,0.009,0.827,1.472,3.157,3.857,4.668,0,0.004,0.06,0.005,0.012,0.003,0.004,0.079,0.006,0.001,0.009,0.005,361.14,334.607,1.079,7,1,73.57,5,4,9,9,0,22,0.227,1,0,0,0,0,0,0,2,0,0.753,3.321,0.353,68.696,-1.424,2,0,0,0,Accepted,Accepted,Accepted,Accepted
YNLWGRRSRHYNQC-ZDUSSCGKSA-N,CN1CCC[C@H]1COc1cncc2nnc(-c3ccc(OC(F)F)cc3)n12,0.0000028786383,0.026781682,38.418933961026,0.27343494,0.14256147,0.09034856,-2.802,2.055,2.265,0.004,0.028,0.005,0.022,0.147,-4.656,1.38258319566376E-05,0.922,63.39753723144531%,1.115,40.27387619018555%,0.955,0.832,0.303,0.814,0.045,0.116,0.918,0.889,0.676,0.575,9.344,0.42,0.965,0.658,0.042,0.015,0.077,0.966,0.67,0.628,0.003,0.009,0.691,1.845,3.312,3.858,4.138,0,0.002,0.032,0.004,0.021,0.004,0.005,0.307,0.005,0.001,0.011,0.006,375.15,351.903,1.066,7,0,64.78,6,4,9,9,0,21,0.286,1,0,0,0,0,0,0,2,0,0.66,3.284,0.389,69.72,-1.422,2,0,0,0,Accepted,Accepted,Accepted,Accepted
CSZZVIWXSDLPAW-UHFFFAOYSA-N,CN1CCN(c2ccc(COc3cncc4nnc(-c5ccc(OC(F)F)cc5)n34)cc2)CC1,0.000001699447,0.042137943,45.0735116624569,0.34989393,0.18738715,0.2575884,-4.209,2.921,3.423,0.026,0.512,0.006,0.002,0.015,-4.61,1.64531647897093E-05,0.974,84.2026596069336%,1.762,16.063173294067383%,0.785,0.865,0.291,0.837,0.305,0.671,0.109,0.912,0.869,0.904,8.538,0.152,0.975,0.904,0.67,0.044,0.08,0.959,0.775,0.273,0.003,0.007,0.868,1.936,3.954,4.768,5.518,0.001,0.011,0.23,0.012,0.022,0.004,0.003,0.575,0.011,0.001,0.049,0.022,466.19,450.209,1.035,8,0,68.02,7,5,9,10,0,28,0.25,0,0,1,1,0,0,1,2,1,0.411,2.703,0.292,58.71,-1.653,3,0,0,0,Accepted,Rejected,Rejected,Accepted
MZSIIDSSJFIMBH-UHFFFAOYSA-N,CC(C)(C)OC(=O)N1CCC(Oc2cncc3nnc(-c4ccc(OC(F)F)cc4)n23)C1,0.00002012282,0.0007832439,45.6013341514686,0.23153286,0.056801945,0.09542534,-4.682,3.132,3.536,0.17,0.001,0.002,0.048,0.986,-4.483,1.99140686163446E-05,0.244,88.98296356201172%,0.876,13.827906608581543%,0.453,0.372,0.897,0.62,0.878,0.103,0.174,0.39,0.901,0.583,8.363,0.579,0.886,0.98,0.736,0.008,0.067,0.977,0.389,0.839,0.003,0.007,0.787,1.011,2.617,3.077,3.965,0.002,0.038,0.113,0.013,0.013,0.005,0.005,0.159,0.006,0.002,0.07,0.007,447.17,418.734,1.068,9,0,91.08,8,4,9,11,0,22,0.364,1,1,2,2,0,2,0,3,0,0.588,3.322,0.429,81.667,-1.688,2,0,0,0,Accepted,Accepted,Rejected,Accepted
NOLIMQHOUXJMMZ-UHFFFAOYSA-N,CC(C)(C)OC(=O)N1CCC(Oc2cncc3nnc(-c4ccc(OC(F)F)cc4)n23)CC1,0.000001261918,0.00025473058,39.2503885444963,0.2676039,0.04662227,0.073392496,-4.838,3.277,3.786,0.052,0.002,0.002,0.136,0.989,-4.466,1.93973373825429E-05,0.166,89.57247924804688%,0.796,13.876119613647461%,0.302,0.439,0.888,0.461,0.912,0.086,0.121,0.142,0.827,0.534,8.323,0.416,0.939,0.975,0.597,0.006,0.088,0.968,0.414,0.813,0.003,0.008,0.559,0.959,2.824,3.223,3.884,0.001,0.024,0.115,0.019,0.014,0.007,0.004,0.573,0.006,0.002,0.052,0.008,461.19,436.03,1.058,9,0,91.08,8,4,9,11,0,23,0.348,0,1,2,2,0,2,0,3,0,0.563,2.864,0.455,57.812,-1.526,2,0,0,0,Accepted,Accepted,Rejected,Accepted
NOLIMQHOUXJMMZ-UHFFFAOYSA-N,CC(C)(C)OC(=O)N1CCC(Oc2cncc3nnc(-c4ccc(OC(F)F)cc4)n23)CC1,0.000001261918,0.00025473058,39.2503885444963,0.2676039,0.04662227,0.073392496,-4.838,3.277,3.786,0.052,0.002,0.002,0.136,0.989,-4.466,1.93973373825429E-05,0.166,89.57247924804688%,0.796,13.876119613647461%,0.302,0.439,0.888,0.461,0.912,0.086,0.121,0.142,0.827,0.534,8.323,0.416,0.939,0.975,0.597,0.006,0.088,0.968,0.414,0.813,0.003,0.008,0.559,0.959,2.824,3.223,3.884,0.001,0.024,0.115,0.019,0.014,0.007,0.004,0.573,0.006,0.002,0.052,0.008,461.19,436.03,1.058,9,0,91.08,8,4,9,11,0,23,0.348,0,1,2,2,0,2,0,3,0,0.563,2.864,0.455,57.812,-1.526,2,0,0,0,Accepted,Accepted,Rejected,Accepted
AUSVIFBUZPRYMM-UHFFFAOYSA-N,CC(C)(C)OC(=O)N1CCC(COc2cncc3nnc(-c4ccc(OC(F)F)cc4)n23)CC1,0.0000009963395,0.0004156577,37.211762131522,0.30348957,0.031542398,0.073392496,-4.858,3.431,4.089,0.102,0.007,0.003,0.098,0.959,-4.543,1.96282035176409E-05,0.104,92.50194549560547%,0.669,9.432344436645508%,0.485,0.615,0.856,0.468,0.903,0.102,0.171,0.283,0.844,0.575,7.901,0.392,0.929,0.965,0.293,0.006,0.087,0.969,0.255,0.74,0.003,0.007,0.626,1.34,3.511,3.832,3.958,0.001,0.015,0.116,0.041,0.013,0.007,0.004,0.633,0.004,0.003,0.054,0.006,475.2,453.326,1.048,9,0,91.08,9,4,9,11,0,23,0.391,0,1,2,2,0,2,0,3,0,0.521,2.87,0.478,57.353,-1.683,2,0,0,0,Accepted,Accepted,Rejected,Accepted
PAMURPGMPRGMCU-UHFFFAOYSA-N,CC(C)(C)OC(=O)N1CCCC(Oc2cncc3nnc(-c4ccc(OC(F)F)cc4)n23)C1,0.0000028663937,0.00022622201,45.4364301370206,0.23352876,0.059807006,0.09542534,-4.77,3.264,3.839,0.453,0.001,0.002,0.048,0.986,-4.485,1.93245105037931E-05,0.241,91.7724380493164%,0.877,10.739023208618164%,0.446,0.431,0.91,0.549,0.916,0.101,0.377,0.316,0.936,0.583,8.084,0.53,0.89,0.979,0.654,0.007,0.066,0.975,0.421,0.81,0.003,0.007,0.836,1.07,2.864,3.195,4.001,0.001,0.029,0.125,0.033,0.013,0.004,0.007,0.285,0.005,0.002,0.203,0.007,461.19,436.03,1.058,9,0,91.08,8,4,9,11,0,23,0.348,1,1,2,2,0,2,0,3,0,0.563,3.323,0.455,82.812,-1.567,2,0,0,0,Accepted,Accepted,Rejected,Accepted
NOLIMQHOUXJMMZ-UHFFFAOYSA-N,CC(C)(C)OC(=O)N1CCC(Oc2cncc3nnc(-c4ccc(OC(F)F)cc4)n23)CC1,0.000001261918,0.00025473058,39.2503885444963,0.2676039,0.04662227,0.073392496,-4.838,3.277,3.786,0.052,0.002,0.002,0.136,0.989,-4.466,1.93973373825429E-05,0.166,89.57247924804688%,0.796,13.876119613647461%,0.302,0.439,0.888,0.461,0.912,0.086,0.121,0.142,0.827,0.534,8.323,0.416,0.939,0.975,0.597,0.006,0.088,0.968,0.414,0.813,0.003,0.008,0.559,0.959,2.824,3.223,3.884,0.001,0.024,0.115,0.019,0.014,0.007,0.004,0.573,0.006,0.002,0.052,0.008,461.19,436.03,1.058,9,0,91.08,8,4,9,11,0,23,0.348,0,1,2,2,0,2,0,3,0,0.563,2.864,0.455,57.812,-1.526,2,0,0,0,Accepted,Accepted,Rejected,Accepted
NCIQFJJLOVMKMT-UHFFFAOYSA-N,CC(=O)C1=C(Oc2cncc3nnc(-c4ccc(OC(F)F)cc4)n23)CC(C)(C)CC1=O,0.000004114566,0.0051274854,13.5822717849481,0.27843463,0.111134954,0.099450625,-4.861,2.817,3.267,0.581,0.005,0.011,0.111,0.125,-4.581,2.48891683440888E-05,0.061,88.57100677490234%,0.591,7.69498348236084%,0.957,0.536,0.918,0.21,0.942,0.136,0.378,0.155,0.901,0.376,2.007,0.345,0.83,0.527,0.905,0.01,0.294,0.956,0.468,0.703,0.003,0.007,0.955,0.686,3.321,4.486,4.453,0.002,0.031,0.111,0.024,0.011,0.004,0.005,0.642,0.004,0.002,0.017,0.005,442.15,419.761,1.053,8,0,95.68,6,4,9,10,0,24,0.25,0,0,0,1,0,1,4,4,1,0.533,3.205,0.318,57.379,-0.973,3,0,0,0,Accepted,Accepted,Rejected,Accepted
YQWAKFJXYXMQTA-UHFFFAOYSA-N,Cc1oc(-c2ccccc2)nc1CCOc1cncc2nnc(-c3ccc(OC(F)F)cc3)n12,0.00097429025,0.63526374,26.8875849625702,0.32912576,0.21426362,0.10235618,-5.275,4.206,4.549,0.164,0.001,0.006,0.002,0.081,-4.579,3.13001801259816E-05,0.103,98.0387954711914%,2.482,1.403326153755188%,0.986,0.336,0.921,0.066,0.954,0.415,0.831,0.28,0.905,0.384,8.48,0.206,0.918,0.593,0.726,0.006,0.036,0.951,0.067,0.566,0.003,0.007,0.407,2.01,4.021,4.431,4.37,0.001,0.039,0.595,0.958,0.033,0.004,0.009,0.909,0.069,0.002,0.333,0.012,463.15,442.73,1.046,8,0,87.57,8,5,9,10,0,27,0.296,0,0,0,0,0,0,0,2,0,0.321,2.813,0.167,26,-1.679,2,0,0,0,Accepted,Accepted,Rejected,Accepted
PPTVFNVBNCSUKZ-UHFFFAOYSA-N,FC(F)Oc1ccc(-c2nnc3cncc(OCCc4ccncc4)n23)cc1,0.07682195,0.22286059,26.820235022396,0.29590422,0.20386572,0.18219696,-3.985,2.529,2.722,0.007,0.002,0.005,0.002,0.049,-4.589,3.4837157727452E-05,0.637,79.70498657226562%,1.496,21.48237419128418%,0.997,0.17,0.945,0.104,0.931,0.107,0.924,0.196,0.94,0.458,8.614,0.483,0.928,0.614,0.707,0.018,0.04,0.977,0.85,0.29,0.003,0.01,0.409,1.959,3.603,4.02,4.521,0,0.003,0.322,0.805,0.012,0.011,0.003,0.587,0.008,0.003,0.087,0.008,383.12,361.289,1.06,7,0,74.43,7,4,9,9,0,22,0.318,0,0,0,0,0,1,0,2,0,0.487,2.717,0.158,20,-1.462,2,0,0,0,Accepted,Accepted,Accepted,Accepted
ABLGPSIDISJBRX-UHFFFAOYSA-N,Nc1cc(Cl)c([N+](=O)[O-])cc1Oc1cncc2nnc(-c3ccc(OC(F)F)cc3)n12,0.058288738,0.29345062,23.8953369127435,0.28551185,0.089842804,0.12838344,-5.57,3.09,3.668,0.038,0.009,0.004,0.001,0.001,-4.702,0.000116270683065522,0.198,97.4209213256836%,0.694,1.7468253374099731%,0.96,0.181,0.939,0.073,0.934,0.323,0.693,0.732,0.923,0.294,6.708,0.199,0.917,0.61,0.916,0.977,0.194,0.978,0.301,0.72,0.003,0.011,0.884,1.916,4.585,5.594,5.963,0.002,0.111,0.524,0.639,0.015,0.007,0.003,0.385,0.009,0.002,0.766,0.012,448.05,385.145,1.163,10,2,130.7,6,4,9,13,0,23,0.261,0,1,0,10,0,3,3,3,3,0.262,2.944,0.056,24,-1.826,5,0,0,0,Accepted,Accepted,Rejected,Accepted
ONNRJRQVJQQORY-UHFFFAOYSA-N,FC(F)Oc1ccc(-c2nnc3cncc(OCC(Cl)(Cl)Cl)n23)cc1,0.0016788215,0.079494365,22.6984933230652,0.269601,0.1405685,0.09034856,-4.623,3.937,3.698,0.005,0.003,0.004,0.001,0.003,-5.023,0.0000222977669182001,0.581,89.495849609375%,1.986,6.438492774963379%,0.996,0.911,0.945,0.324,0.652,0.08,0.334,0.182,0.8,0.826,7.237,0.385,0.831,0.559,0.761,0.533,0.032,0.958,0.116,0.802,0.003,0.011,0.859,2.031,3.83,4.764,4.645,0,0.011,0.195,0.267,0.012,0.005,0.003,0.18,0.009,0.001,0.092,0.006,407.98,325.911,1.252,6,0,61.54,6,3,9,11,0,16,0.375,0,0,0,2,0,0,1,3,1,0.593,3.002,0.214,19,-1.628,2,0,0,0,Accepted,Rejected,Rejected,Accepted
YWYXHPFWCDXGHH-UHFFFAOYSA-N,FC(F)Oc1ccc(-c2nnc3cncc(OCCc4cccnc4)n23)cc1,0.06925891,0.24468356,26.8552999753119,0.27841586,0.18507905,0.101848684,-3.901,2.289,2.576,0.006,0.002,0.005,0.001,0.043,-4.59,3.24949614878278E-05,0.675,83.07186889648438%,1.497,18.06292152404785%,0.995,0.288,0.936,0.14,0.869,0.165,0.882,0.237,0.938,0.448,9.392,0.56,0.93,0.579,0.561,0.012,0.045,0.978,0.865,0.349,0.003,0.009,0.348,1.914,3.516,4.108,4.368,0,0.004,0.279,0.739,0.012,0.008,0.003,0.581,0.009,0.002,0.07,0.007,383.12,361.289,1.06,7,0,74.43,7,4,9,9,0,22,0.318,0,0,0,0,0,1,0,2,0,0.487,2.714,0.158,20,-1.536,2,0,0,0,Accepted,Accepted,Accepted,Accepted
DNXROBZVLLSTQR-UHFFFAOYSA-N,CC(C)(C)OC(=O)NCCCOc1cncc2nnc(-c3ccc(OC(F)F)cc3)n12,0.0000084725025,0.0037553464,35.9378034844636,0.2785074,0.034965433,0.08540691,-4.482,3.119,3.187,0.365,0.005,0.003,0.011,0.95,-4.646,2.0538676835713E-05,0.491,83.48207092285156%,1.127,17.925302505493164%,0.967,0.591,0.879,0.437,0.801,0.082,0.053,0.271,0.75,0.459,10.408,0.642,0.832,0.834,0.777,0.017,0.139,0.941,0.162,0.756,0.003,0.007,0.205,0.678,2.908,3.764,4.134,0,0.005,0.186,0.069,0.015,0.005,0.003,0.608,0.005,0.001,0.042,0.006,435.17,409.995,1.061,9,1,99.87,11,3,9,11,0,17,0.647,0,0,1,1,0,2,0,3,1,0.539,2.783,0.4,20,-1.616,2,0,0,0,Accepted,Accepted,Rejected,Accepted
RYXOULOWGKKPFM-UHFFFAOYSA-M,Cc1c(CCOc2cncc3nnc(-c4ccc(OC(F)F)cc4)n23)sc[n+]1Cc1ccccc1.[Cl-],0.00012766887,0.7684949,43.4095822538668,0.31624562,0.27884397,0.18500851,-5.611,3.502,4.748,0.002,0.991,0.022,0.018,0.994,-4.985,4.36482150689699E-05,0.252,94.81230926513672%,2.028,6.56840705871582%,0.974,0.782,0.931,0.07,0.918,0.171,0.982,0.239,0.93,0.653,7.569,0.24,0.952,0.28,0.079,0.005,0.031,0.955,0.056,0.132,0.003,0.007,0.126,2.313,3.985,4.975,4.576,0.001,0.012,0.437,0.864,0.012,0.016,0.007,0.764,0.006,0.002,0.347,0.006,494.15,471.063,1.049,7,0,65.42,9,5,9,10,1,27,0.333,0,0,0,0,0,0,0,2,1,0.278,3.135,0.2,26,-1.262,3,0,0,0,Accepted,Rejected,Rejected,Accepted
FTMHNUFKUOXLKV-UHFFFAOYSA-N,FC(F)Oc1ccc(-c2nnc3cncc(OCC4CCCNC4)n23)cc1,0.000021237514,0.02476868,45.2482122611091,0.32954404,0.113340676,0.19144079,-2.758,2.114,2.188,0.007,0.995,0.005,0.002,0.006,-4.742,1.12367833935423E-05,0.598,61.221275329589844%,1.288,52.44376754760742%,0.983,0.669,0.338,0.554,0.185,0.052,0.937,0.869,0.783,0.305,9.237,0.385,0.956,0.838,0.041,0.03,0.084,0.976,0.731,0.132,0.003,0.009,0.782,1.807,4.072,3.688,4.489,0,0.002,0.066,0.005,0.01,0.003,0.004,0.144,0.007,0.001,0.01,0.006,375.15,351.903,1.066,7,1,73.57,6,4,9,9,0,22,0.273,1,0,0,0,0,0,0,2,0,0.714,3.311,0.389,68,-1.554,2,0,0,0,Accepted,Accepted,Accepted,Accepted
QDSACKHAJFEHOC-UHFFFAOYSA-N,CC(C)(C#Cc1ccc(C=O)cc1)Oc1cncc2nnc(-c3ccc(OC(F)F)cc3)n12,0.000013774692,0.022895932,28.9370824894286,0.27690855,0.06281114,0.09393329,-5.215,3.602,4.529,0.389,0,0.009,0.007,0.965,-4.507,2.00553986360319E-05,0.017,96.19904327392578%,0.493,1.150095820426941%,0.934,0.196,0.725,0.098,0.754,0.091,0.198,0.233,0.678,0.546,4.828,0.092,0.94,0.986,0.969,0.068,0.026,0.972,0.237,0.896,0.003,0.009,0.911,2.101,4.441,5.602,5.352,0,0.028,0.133,0.948,0.02,0.011,0.003,0.794,0.009,0.001,0.358,0.009,448.13,437.653,1.024,7,0,78.61,6,4,9,9,0,24,0.25,0,0,0,0,1,1,3,2,4,0.321,3.15,0.167,24,-1.25,3,1,0,0,Accepted,Accepted,Rejected,Accepted
MOJMSYUEBWGMKC-UHFFFAOYSA-N,O=Cc1ccc(C#CCCOc2cncc3nnc(-c4ccc(OC(F)F)cc4)n23)cc1,0.000014058566,0.19404933,28.4844477186716,0.31199244,0.13297509,0.09393329,-5.177,3.485,4.037,0.074,0.002,0.006,0.003,0.79,-4.554,1.74380729731638E-05,0.168,95.74364471435547%,0.381,1.5985379219055176%,0.934,0.139,0.772,0.068,0.78,0.122,0.229,0.243,0.72,0.474,5.328,0.111,0.943,0.652,0.806,0.145,0.018,0.963,0.439,0.812,0.003,0.012,0.851,1.703,4.521,5.419,5.558,0,0.027,0.242,0.903,0.022,0.008,0.003,0.857,0.01,0.002,0.241,0.022,434.12,420.357,1.033,7,0,78.61,7,4,9,9,0,24,0.292,0,0,0,0,1,0,3,2,4,0.248,2.988,0.13,21,-1.193,3,1,0,0,Accepted,Accepted,Rejected,Accepted
NLJRVDLNLNVDFT-UHFFFAOYSA-N,FC(F)Oc1ccc(-c2nnc3cncc(OCC4CCNCC4)n23)cc1,0.000009577522,0.02476868,42.7734582533041,0.39379638,0.13681468,0.316387,-2.696,2.092,1.938,0.006,0.999,0.004,0.002,0.006,-4.764,1.0694336197048E-05,0.497,62.88319778442383%,1.259,53.02591323852539%,0.97,0.594,0.434,0.537,0.253,0.123,0.874,0.691,0.661,0.309,8.808,0.28,0.963,0.826,0.044,0.014,0.096,0.976,0.682,0.098,0.003,0.008,0.795,1.866,3.527,3.974,4.677,0,0.003,0.08,0.037,0.012,0.004,0.003,0.323,0.009,0.001,0.01,0.005,375.15,351.903,1.066,7,1,73.57,6,4,9,9,0,22,0.273,0,0,0,0,0,0,0,2,0,0.714,2.866,0.389,48,-1.523,2,0,0,0,Accepted,Accepted,Accepted,Accepted
NLJRVDLNLNVDFT-UHFFFAOYSA-N,FC(F)Oc1ccc(-c2nnc3cncc(OCC4CCNCC4)n23)cc1,0.000009577522,0.02476868,42.7734582533041,0.39379638,0.13681468,0.316387,-2.696,2.092,1.938,0.006,0.999,0.004,0.002,0.006,-4.764,1.0694336197048E-05,0.497,62.88319778442383%,1.259,53.02591323852539%,0.97,0.594,0.434,0.537,0.253,0.123,0.874,0.691,0.661,0.309,8.808,0.28,0.963,0.826,0.044,0.014,0.096,0.976,0.682,0.098,0.003,0.008,0.795,1.866,3.527,3.974,4.677,0,0.003,0.08,0.037,0.012,0.004,0.003,0.323,0.009,0.001,0.01,0.005,375.15,351.903,1.066,7,1,73.57,6,4,9,9,0,22,0.273,0,0,0,0,0,0,0,2,0,0.714,2.866,0.389,48,-1.523,2,0,0,0,Accepted,Accepted,Accepted,Accepted
NLJRVDLNLNVDFT-UHFFFAOYSA-N,FC(F)Oc1ccc(-c2nnc3cncc(OCC4CCNCC4)n23)cc1,0.000009577522,0.02476868,42.7734582533041,0.39379638,0.13681468,0.316387,-2.696,2.092,1.938,0.006,0.999,0.004,0.002,0.006,-4.764,1.0694336197048E-05,0.497,62.88319778442383%,1.259,53.02591323852539%,0.97,0.594,0.434,0.537,0.253,0.123,0.874,0.691,0.661,0.309,8.808,0.28,0.963,0.826,0.044,0.014,0.096,0.976,0.682,0.098,0.003,0.008,0.795,1.866,3.527,3.974,4.677,0,0.003,0.08,0.037,0.012,0.004,0.003,0.323,0.009,0.001,0.01,0.005,375.15,351.903,1.066,7,1,73.57,6,4,9,9,0,22,0.273,0,0,0,0,0,0,0,2,0,0.714,2.866,0.389,48,-1.523,2,0,0,0,Accepted,Accepted,Accepted,Accepted
RPYDKJOASODGOF-UHFFFAOYSA-N,FC(F)Oc1ccc(-c2nnc3cncc(OCCCCCCCl)n23)cc1,0.00001688344,0.26123127,24.1010823878559,0.29784417,0.19715062,0.09034856,-4.949,3.761,4.326,0.128,0.003,0.006,0.007,0.936,-4.664,2.52289864874911E-05,0.524,95.68592071533203%,2.645,3.8358078002929688%,0.99,0.336,0.897,0.138,0.898,0.388,0.763,0.229,0.837,0.293,7.743,0.26,0.907,0.885,0.402,0.032,0.075,0.957,0.48,0.671,0.003,0.01,0.655,2.12,4.478,5.134,4.486,0,0.005,0.235,0.919,0.014,0.009,0.003,0.6,0.006,0.002,0.18,0.009,396.12,364.673,1.086,6,0,61.54,10,3,9,9,0,16,0.625,0,1,0,4,0,0,2,2,1,0.371,2.772,0.389,16,-1.429,2,1,0,0,Accepted,Rejected,Rejected,Accepted
BHCAOWNYTVGIBQ-UHFFFAOYSA-N,FC(F)Oc1ccc(-c2nnc3cncc(OCc4ccccc4)n23)cc1,0.00078618265,0.78471714,26.073321282116,0.28028384,0.124896,0.101848684,-4.618,3.342,3.461,0.004,0.001,0.005,0.002,0.008,-4.588,3.96510040445719E-05,0.65,95.27825927734375%,1.608,3.997103214263916%,0.993,0.313,0.948,0.121,0.94,0.09,0.746,0.217,0.783,0.431,9.233,0.357,0.931,0.647,0.768,0.024,0.025,0.963,0.147,0.348,0.003,0.011,0.443,2.12,4.221,4.961,4.915,0,0.011,0.228,0.239,0.014,0.008,0.003,0.499,0.008,0.001,0.085,0.008,368.11,350.292,1.051,6,0,61.54,6,4,9,8,0,22,0.273,0,0,0,0,0,0,1,2,0,0.515,2.501,0.105,20,-1.56,2,0,0,0,Accepted,Rejected,Accepted,Accepted
HGIYXVHLQZMHCE-UHFFFAOYSA-N,CCCCCCCCCCCCOCCOCCOCCOCCOc1cncc2nnc(-c3ccc(OC(F)F)cc3)n12,0.00004616416,0.09781293,30.6753855705936,0.3180525,0.22136062,0.1185324,-5.837,4.149,6.489,0.925,0.001,0,0.021,0.043,-4.886,2.15352265513502E-05,0.001,97.25231170654297%,1.327,0.9810144305229187%,0.185,0.153,0.507,0.059,0.839,0.033,0.132,0.018,0.66,0.216,8.382,0.18,0.977,0.285,0.013,0.047,0.019,0.491,0.827,0.5,0.003,0.009,0.187,1.114,5.228,4.899,5.267,0,0.004,0.102,0.981,0.066,0.043,0.02,0.891,0.001,0.005,0.743,0.006,622.35,626.767,0.993,10,0,98.46,27,3,9,12,0,16,1.688,0,0,0,0,0,1,0,2,1,0.085,3.096,0.656,16,-0.961,2,1,0,0,Rejected,Accepted,Rejected,Rejected
RYRYWBAYDFZFCE-UHFFFAOYSA-N,COCCOCCOc1cncc2nnc(-c3ccc(OC(F)F)cc3)n12,0.000040280192,0.10643647,26.9856807291993,0.26850015,0.14180738,0.11402256,-3.436,1.761,1.568,0.006,0.003,0.003,0.077,0.103,-4.508,2.06313889066223E-05,0.298,69.00308990478516%,0.774,32.196380615234375%,0.978,0.952,0.353,0.325,0.047,0.054,0.018,0.106,0.396,0.46,9.211,0.52,0.799,0.557,0.078,0.041,0.027,0.891,0.361,0.873,0.003,0.01,0.286,1.145,2.208,3.329,4.031,0,0.015,0.14,0.636,0.016,0.013,0.004,0.547,0.009,0.001,0.034,0.006,380.13,349.747,1.087,8,0,80,10,3,9,10,0,16,0.625,0,0,0,0,0,1,0,2,0,0.5,2.763,0.353,16,-1.718,2,0,0,0,Accepted,Accepted,Accepted,Accepted
ITBLWZAYSVPLEP-UHFFFAOYSA-N,CC(C)(C)OC(=O)CCOCCOCCOCCOCCOc1cncc2nnc(-c3ccc(OC(F)F)cc3)n12,0.000011619673,0.005350662,33.8087403238328,0.2777515,0.083516106,0.09331195,-4.489,2.652,2.115,0.712,0,0.001,0.703,0.019,-4.655,2.40721583395498E-05,0.034,83.43217468261719%,0.425,19.185361862182617%,0.101,0.115,0.321,0.108,0.488,0.009,0.006,0.027,0.424,0.476,9.166,0.672,0.89,0.468,0.022,0.059,0.017,0.6,0.227,0.947,0.003,0.007,0.024,0.414,1.774,3.306,3.611,0,0.014,0.119,0.905,0.022,0.014,0.008,0.828,0.003,0.002,0.226,0.004,582.25,555.231,1.049,12,0,124.76,21,3,9,14,0,17,1.235,0,0,0,0,0,3,0,2,2,0.152,3.144,0.556,20,-1.243,2,0,0,0,Rejected,Accepted,Rejected,Rejected
IOMHZZCGHSHOEC-UHFFFAOYSA-N,COC(=O)CCOc1cncc2nnc(-c3ccc(OC(F)F)cc3)n12,0.000002620259,0.0054974975,21.7716995586165,0.2496698,0.028917838,0.16775389,-4.012,1.963,1.984,0.175,0.004,0.004,0.008,0.975,-4.558,1.75740588019835E-05,0.453,69.75533294677734%,0.709,27.12407684326172%,0.994,0.829,0.858,0.225,0.274,0.114,0.061,0.153,0.716,0.4,10.03,0.715,0.821,0.69,0.768,0.019,0.057,0.949,0.31,0.59,0.003,0.01,0.291,0.843,2.713,3.632,3.995,0.001,0.01,0.125,0.016,0.013,0.005,0.003,0.155,0.01,0.001,0.012,0.006,364.1,329.814,1.104,8,0,87.84,8,3,9,10,0,17,0.471,0,0,0,0,0,0,0,2,0,0.595,2.73,0.25,17,-1.594,2,0,0,0,Accepted,Accepted,Accepted,Accepted
NOLIMQHOUXJMMZ-UHFFFAOYSA-N,CC(C)(C)OC(=O)N1CCC(Oc2cncc3nnc(-c4ccc(OC(F)F)cc4)n23)CC1,0.000001261918,0.00025473058,39.2503885444963,0.2676039,0.04662227,0.073392496,-4.838,3.277,3.786,0.052,0.002,0.002,0.136,0.989,-4.466,1.93973373825429E-05,0.166,89.57247924804688%,0.796,13.876119613647461%,0.302,0.439,0.888,0.461,0.912,0.086,0.121,0.142,0.827,0.534,8.323,0.416,0.939,0.975,0.597,0.006,0.088,0.968,0.414,0.813,0.003,0.008,0.559,0.959,2.824,3.223,3.884,0.001,0.024,0.115,0.019,0.014,0.007,0.004,0.573,0.006,0.002,0.052,0.008,461.19,436.03,1.058,9,0,91.08,8,4,9,11,0,23,0.348,0,1,2,2,0,2,0,3,0,0.563,2.864,0.455,57.812,-1.526,2,0,0,0,Accepted,Accepted,Rejected,Accepted
VHKQNGVJPUDTLR-UHFFFAOYSA-N,FC(F)Oc1ccc(-c2nnc3cncc(OCCN4CCCCC4)n23)cc1,0.0000008108589,0.026230963,39.3958895055444,0.42450982,0.19398195,0.27438676,-3.72,2.478,3.038,0.011,0.137,0.006,0.051,0.353,-4.614,1.77076271938859E-05,0.949,69.20807647705078%,1.268,32.91520309448242%,0.911,0.83,0.273,0.732,0.076,0.146,0.948,0.887,0.725,0.465,9.486,0.181,0.968,0.583,0.05,0.018,0.067,0.956,0.764,0.272,0.003,0.009,0.825,1.273,3.166,3.852,3.886,0,0.007,0.148,0.045,0.014,0.006,0.003,0.598,0.01,0.002,0.02,0.008,389.17,369.199,1.054,7,0,64.78,7,4,9,9,0,22,0.318,0,0,0,0,0,0,0,2,0,0.618,2.684,0.421,47.407,-1.798,2,0,0,0,Accepted,Rejected,Accepted,Accepted
AYBWUPHIGNMRJE-UHFFFAOYSA-N,CC(C)(C)OC(=O)NC1CC(Oc2cncc3nnc(-c4ccc(OC(F)F)cc4)n23)C1,0.000008556773,0.0026929416,38.168955753752,0.29303434,0.06970556,0.07064427,-4.823,3.199,3.365,0.654,0.004,0.004,0.002,0.924,-4.663,1.71472238434944E-05,0.336,84.23491668701172%,0.833,19.638654708862305%,0.756,0.3,0.926,0.124,0.898,0.049,0.111,0.164,0.88,0.318,10.005,0.392,0.926,0.887,0.556,0.019,0.264,0.931,0.103,0.766,0.003,0.007,0.737,1.1,2.922,3.656,4.686,0.001,0.012,0.108,0.014,0.016,0.003,0.004,0.174,0.006,0.002,0.08,0.005,447.17,418.734,1.068,9,1,99.87,9,4,9,11,0,21,0.429,0,0,0,1,0,2,0,3,1,0.613,2.958,0.429,56.667,-1.405,2,0,0,0,Accepted,Accepted,Rejected,Accepted
NPZSRJKVUVXKOJ-UHFFFAOYSA-N,CC(C)(C)OC(=O)CCOCCOCCOCCOc1cncc2nnc(-c3ccc(OC(F)F)cc3)n12,0.000011619673,0.005350662,33.8087403238328,0.2777515,0.083516106,0.09331195,-4.521,2.746,2.314,0.808,0.001,0.001,0.73,0.047,-4.587,2.63271285803057E-05,0.039,85.00811004638672%,0.504,19.055397033691406%,0.414,0.129,0.505,0.14,0.707,0.014,0.009,0.034,0.474,0.473,10.017,0.735,0.809,0.54,0.053,0.065,0.022,0.799,0.258,0.934,0.003,0.008,0.038,0.55,1.911,3.403,3.646,0,0.012,0.127,0.877,0.018,0.011,0.006,0.765,0.004,0.002,0.139,0.004,538.22,511.849,1.052,11,0,115.53,18,3,9,13,0,17,1.059,0,0,0,0,0,3,0,2,2,0.198,3.054,0.52,20,-1.341,2,0,0,0,Rejected,Accepted,Rejected,Rejected
NAUCTMMIXFUUPF-UHFFFAOYSA-N,CC(C)(C)OC(=O)CCOCCOc1cncc2nnc(-c3ccc(OC(F)F)cc3)n12,0.000011619673,0.005350662,32.2361414951761,0.26464173,0.06360521,0.07064427,-4.596,2.938,2.967,0.924,0.001,0.002,0.513,0.781,-4.536,2.43844297074247E-05,0.09,88.80264282226562%,0.702,12.473505020141602%,0.965,0.218,0.84,0.212,0.861,0.036,0.021,0.063,0.588,0.467,11.604,0.713,0.688,0.671,0.618,0.013,0.037,0.932,0.328,0.878,0.003,0.009,0.139,0.859,2.646,3.551,3.728,0,0.014,0.153,0.394,0.014,0.008,0.004,0.537,0.006,0.001,0.04,0.005,450.17,425.084,1.059,9,0,97.07,12,3,9,11,0,17,0.706,0,0,0,0,0,3,0,2,0,0.342,2.886,0.429,20,-1.592,2,0,0,0,Accepted,Accepted,Rejected,Accepted
YWOHGDJJMPZJOZ-UHFFFAOYSA-N,CC(C)(C)OC(=O)CCOc1cncc2nnc(-c3ccc(OC(F)F)cc3)n12,0.00001296483,0.009698726,27.1711769433754,0.26326218,0.030049697,0.07064427,-4.665,3.075,3.332,0.925,0.001,0.003,0.23,0.989,-4.524,2.49467320827534E-05,0.367,90.34795379638672%,0.748,9.784247398376465%,0.988,0.371,0.913,0.223,0.902,0.066,0.098,0.083,0.646,0.44,11.409,0.656,0.702,0.716,0.797,0.008,0.068,0.946,0.35,0.79,0.003,0.009,0.256,1.024,2.922,3.684,3.807,0,0.013,0.157,0.055,0.012,0.005,0.004,0.26,0.007,0.001,0.03,0.005,406.15,381.702,1.064,8,0,87.84,9,3,9,10,0,17,0.529,0,0,0,0,0,2,0,2,0,0.555,2.802,0.368,20,-1.582,2,0,0,0,Accepted,Accepted,Rejected,Accepted
MCMQBEDUALSDSK-UHFFFAOYSA-N,FC(F)Oc1ccc(-c2nnc3cncc(OCC4CCOC4)n23)cc1,0.000032614003,0.079187624,24.6227483017417,0.26446438,0.11139719,0.06978098,-3.939,2.097,2.261,0.011,0.013,0.004,0.005,0.012,-4.631,1.59285791596631E-05,0.131,77.4679946899414%,0.994,26.428747177124023%,0.987,0.773,0.734,0.3,0.248,0.051,0.112,0.259,0.646,0.323,9.02,0.403,0.924,0.606,0.049,0.049,0.027,0.967,0.41,0.652,0.003,0.011,0.562,2.095,3.9,3.723,4.309,0,0.008,0.147,0.08,0.013,0.005,0.004,0.237,0.008,0.002,0.032,0.006,362.12,332.4,1.089,7,0,70.77,6,4,9,9,0,21,0.286,1,0,0,0,0,1,0,2,0,0.672,3.291,0.353,66.957,-1.518,2,0,0,0,Accepted,Accepted,Accepted,Accepted
JTHARLJDJIOPLE-UHFFFAOYSA-N,O=C(Oc1cncc2nnc(-c3ccc(OC(F)F)cc3)n12)C(F)(F)F,0.00036817353,0.014240484,18.1908668439755,0.23747234,0.026365502,0.103491805,-4.201,2.342,2.574,0.245,0.003,0.005,0.026,0.601,-4.561,2.2544183593709E-05,0.619,85.15040588378906%,2.806,24.542150497436523%,0.992,0.673,0.874,0.105,0.521,0.125,0.085,0.144,0.437,0.229,6.293,0.296,0.75,0.839,0.683,0.027,0.226,0.954,0.646,0.741,0.003,0.011,0.951,1.016,2.639,3.433,5.331,0.001,0.016,0.12,0.048,0.014,0.007,0.003,0.2,0.007,0.001,0.016,0.006,374.04,304.635,1.228,7,0,78.61,6,3,9,12,0,17,0.353,0,0,0,0,0,1,1,2,0,0.516,2.888,0.143,20,-1.544,2,1,0,0,Accepted,Accepted,Accepted,Accepted
UKFWUUXKXGCTAY-UHFFFAOYSA-N,NC1CCC(Oc2cncc3nnc(-c4ccc(OC(F)F)cc4)n23)CC1,0.0000049705427,0.050591886,39.1825645365105,0.28805402,0.13086398,0.12819104,-2.541,2.369,2.266,0.023,0.955,0.004,0.002,0.009,-4.941,9.39648089115508E-06,0.285,73.54669952392578%,2.61,33.10719299316406%,0.961,0.587,0.805,0.148,0.491,0.082,0.866,0.587,0.871,0.254,8.644,0.225,0.98,0.641,0.055,0.011,0.095,0.973,0.628,0.296,0.003,0.008,0.649,1.894,3.547,3.995,4.941,0.001,0.008,0.094,0.264,0.014,0.004,0.005,0.24,0.007,0.002,0.03,0.008,375.15,351.903,1.066,7,2,87.56,5,4,9,9,0,22,0.227,0,0,0,0,0,0,0,2,0,0.738,2.894,0.389,52.08,-1.302,2,0,0,0,Accepted,Accepted,Accepted,Accepted
YMTDUFNJKSCNQS-UHFFFAOYSA-N,CC(C)(C)CC(C)(C)c1ccc(OCCOc2cncc3nnc(-c4ccc(OC(F)F)cc4)n23)cc1,0.15012643,0.4124048,32.2103657624321,0.30073076,0.28583446,0.25980973,-6.855,4.997,6.842,0.992,0.001,0.011,0.165,0.855,-4.716,2.37863077927614E-05,0.041,98.31251525878906%,3.162,1.4333406686782837%,0.624,0.418,0.832,0.213,0.955,0.734,0.691,0.788,0.942,0.726,6.94,0.038,0.933,0.306,0.104,0.01,0.019,0.956,0.109,0.196,0.003,0.01,0.516,1.835,5.165,5.839,6.643,0,0.01,0.151,0.981,0.022,0.024,0.003,0.883,0.004,0.004,0.806,0.012,510.24,514.746,0.991,7,0,70.77,11,4,9,9,0,22,0.5,0,0,0,0,0,2,0,2,0,0.225,2.92,0.393,27,-1.45,2,0,0,0,Rejected,Rejected,Rejected,Rejected
WIHSYMROXLCTAX-YFAXTNDOSA-N,C[C@]12C=CC(=O)C(Cl)=C1CC[C@@H]1[C@@H]2CC[C@@]2(C)[C@H]1CC[C@@]2(C)Oc1cncc2nnc(-c3ccc(OC(F)F)cc3)n12,0.0016632051,0.13303395,22.6119476652473,0.32414797,0.10649606,0.09338888,-5.886,4.933,6.545,0.977,0.003,0.005,0.018,0.058,-4.735,2.73622572422028E-05,0.716,98.20653533935547%,2.668,0.966510534286499%,0.945,0.244,0.836,0.501,0.932,0.029,0.957,0.009,0.988,0.908,8.128,0.055,0.983,0.694,0.633,0.019,0.182,0.968,0.917,0.748,0.003,0.007,0.91,1.864,4.914,6.439,6.08,0.744,0.987,0.032,0.958,0.024,0.039,0.004,0.926,0.02,0.044,0.915,0.076,594.22,573.472,1.036,7,0,78.61,5,7,17,10,0,37,0.135,6,1,0,1,0,1,3,4,1,0.306,4.889,0.5,150.5,0.142,5,0,0,1,Rejected,Accepted,Rejected,Rejected
HYQWNFMBDJOUIE-UHFFFAOYSA-M,FC(F)Oc1ccc(-c2nnc3cncc(OCC[P+](c4ccccc4)(c4ccccc4)c4ccccc4)n23)cc1.[Br-],0.0057679587,0.69838977,32.8648329276596,0.30970833,0.21524662,0.11460867,-3.433,1.524,1.178,0.002,0.999,0.028,0.995,0.994,-5.734,9.636929462431E-05,0.038,98.86551666259766%,0.707,1.7260491847991943%,0.124,0.017,0.006,0.079,0.041,0.024,0.005,0.018,0.001,0.108,1.048,0.748,0.965,0.286,0.553,0.011,0.001,0.984,0.069,0.062,0.003,0.013,0.089,2.482,4.811,4.468,6.594,0,0.021,0.315,0.936,0.015,0.006,0.006,0.762,0.005,0.004,0.908,0.013,567.18,563.354,1.007,6,0,61.54,10,6,9,9,1,34,0.294,0,0,0,0,1,0,0,1,0,0.197,3.127,0.094,31,-0.92,2,1,0,0,Accepted,Accepted,Rejected,Rejected
HCFLVPNHOLHFFW-UHFFFAOYSA-N,[N-]=[N+]=Nc1ccnc(COc2cncc3nnc(-c4ccc(OC(F)F)cc4)n23)c1,0.00002206369,0.14786188,26.5287301665198,0.3300671,0.3168172,0.12992007,-4.702,2.246,2.571,0.245,0.003,0.007,0.001,0.217,-5.267,1.54918416228611E-05,0.299,93.72745513916016%,2.375,6.736820220947266%,0.248,0.575,0.133,0.784,0.422,0.077,0.068,0.161,0.867,0.811,0.568,0.696,0.924,0.971,0.956,0.995,0.034,0.978,0.451,0.917,0.003,0.008,0.963,1.499,3.937,5.701,4.892,0,0.001,0.171,0.003,0.009,0.002,0.002,0.947,0.009,0,0.442,0,410.11,371.711,1.103,10,0,123.19,7,4,9,12,0,24,0.292,0,0,0,3,1,2,1,3,1,0.254,3.216,0.111,21,-1.561,4,1,0,1,Accepted,Accepted,Rejected,Accepted
GISSBGBKRJMPDL-UHFFFAOYSA-N,FC(F)Oc1ccc(-c2nnc3cncc(OCc4ccc(Cl)s4)n23)cc1,0.013190906,0.6380508,23.7071782814701,0.30719692,0.1317718,0.09281385,-4.997,3.491,4.036,0.002,0.001,0.004,0.001,0.008,-4.498,1.84329746844014E-05,0.299,95.3619155883789%,2.471,5.727537631988525%,0.993,0.35,0.938,0.106,0.947,0.104,0.739,0.338,0.794,0.598,7.894,0.093,0.717,0.945,0.881,0.208,0.055,0.965,0.076,0.785,0.003,0.01,0.705,2.249,4.251,5.664,5.439,0,0.004,0.322,0.361,0.013,0.007,0.003,0.648,0.008,0.001,0.391,0.012,408.03,352.057,1.159,6,0,61.54,6,4,9,10,0,21,0.286,0,0,0,0,0,1,1,3,1,0.463,2.835,0.118,21,-2.128,3,0,0,0,Accepted,Rejected,Rejected,Accepted
FXOFVTBLLQAWEB-UHFFFAOYSA-N,FC(F)Oc1ccc(-c2nnc3cncc(OCc4csc(C(F)(F)F)c4)n23)cc1,0.00077243126,0.88383347,27.1643683747786,0.30529818,0.16141431,0.1706171,-5.278,3.857,4.184,0.005,0.001,0.004,0.002,0.008,-4.612,2.92294917016989E-05,0.299,96.57547760009766%,4.983,2.4169552326202393%,0.992,0.764,0.944,0.132,0.956,0.26,0.872,0.457,0.871,0.477,7.485,0.086,0.844,0.897,0.869,0.013,0.044,0.959,0.066,0.12,0.003,0.009,0.738,2.322,4.431,6.091,6.512,0.001,0.011,0.311,0.641,0.015,0.007,0.005,0.701,0.007,0.002,0.424,0.012,442.05,372.345,1.187,6,0,61.54,7,4,9,12,0,21,0.333,0,0,0,0,0,1,1,3,1,0.391,3.07,0.167,24,-1.641,3,0,0,0,Accepted,Rejected,Rejected,Accepted
APNVCAYADQJJBZ-INIZCTEOSA-N,N[C@@H](COc1cncc2nnc(-c3ccc(OC(F)F)cc3)n12)c1ccccc1,0.0021588393,0.87122023,29.1916354472608,0.27570382,0.16096112,0.10976846,-3.262,2.464,2.452,0.008,0.139,0.005,0.002,0.004,-4.795,1.78311256604502E-05,0.369,87.12418365478516%,0.945,19.2351131439209%,0.992,0.447,0.89,0.146,0.561,0.07,0.896,0.605,0.944,0.346,6.46,0.385,0.952,0.697,0.094,0.058,0.097,0.982,0.342,0.144,0.003,0.008,0.677,1.497,3.982,4.826,5.632,0.001,0.008,0.157,0.021,0.014,0.004,0.004,0.153,0.008,0.001,0.07,0.005,397.14,378.585,1.049,7,2,87.56,7,4,9,9,0,22,0.318,1,0,0,0,0,0,0,2,0,0.514,3.143,0.15,42,-1.423,2,0,0,0,Accepted,Accepted,Accepted,Accepted
APNVCAYADQJJBZ-INIZCTEOSA-N,N[C@@H](COc1cncc2nnc(-c3ccc(OC(F)F)cc3)n12)c1ccccc1,0.0021588393,0.87122023,29.1916354472608,0.27570382,0.16096112,0.10976846,-3.262,2.464,2.452,0.008,0.139,0.005,0.002,0.004,-4.795,1.78311256604502E-05,0.369,87.12418365478516%,0.945,19.2351131439209%,0.992,0.447,0.89,0.146,0.561,0.07,0.896,0.605,0.944,0.346,6.46,0.385,0.952,0.697,0.094,0.058,0.097,0.982,0.342,0.144,0.003,0.008,0.677,1.497,3.982,4.826,5.632,0.001,0.008,0.157,0.021,0.014,0.004,0.004,0.153,0.008,0.001,0.07,0.005,397.14,378.585,1.049,7,2,87.56,7,4,9,9,0,22,0.318,1,0,0,0,0,0,0,2,0,0.514,3.143,0.15,42,-1.423,2,0,0,0,Accepted,Accepted,Accepted,Accepted
OKZRJXWGRUOWJV-LJQANCHMSA-N,CC(C)(C)OC(=O)N[C@H](COc1cncc2nnc(-c3ccc(OC(F)F)cc3)n12)c1ccccc1,0.0006533158,0.040773764,36.3114679571229,0.26202857,0.1787114,0.102782264,-5.011,3.585,4.582,0.899,0.004,0.004,0.005,0.954,-4.706,4.25985235779081E-05,0.102,95.1965103149414%,0.903,4.54310941696167%,0.946,0.392,0.917,0.171,0.953,0.09,0.395,0.454,0.932,0.497,9.509,0.353,0.919,0.841,0.946,0.041,0.067,0.975,0.091,0.3,0.003,0.007,0.442,1.109,4.122,5.1,5.224,0.001,0.033,0.221,0.026,0.016,0.003,0.004,0.52,0.007,0.002,0.396,0.006,497.19,480.009,1.036,9,1,99.87,11,4,9,11,0,23,0.478,1,0,0,1,0,2,1,3,1,0.364,3.269,0.28,50,-1.447,2,0,0,0,Accepted,Accepted,Rejected,Accepted
RLRRUZWPEHWIRC-QHCPKHFHSA-N,O=C(N[C@H](COc1cncc2nnc(-c3ccc(OC(F)F)cc3)n12)Cc1ccccc1)OCc1ccccc1,0.000012854804,0.0067315013,40.6922385005815,0.2514752,0.13870291,0.13036655,-5.131,4.305,5.013,0.829,0.008,0.007,0.003,0.029,-5.207,0.000122589714010246,0.061,97.14763641357422%,1.512,1.9786287546157837%,0.978,0.16,0.925,0.064,0.972,0.089,0.891,0.512,0.954,0.317,7.511,0.27,0.957,0.773,0.827,0.429,0.027,0.967,0.152,0.133,0.003,0.006,0.47,1.591,4.758,5.695,6.489,0.001,0.017,0.263,0.036,0.022,0.002,0.004,0.729,0.01,0.002,0.387,0.011,545.19,532.727,1.023,9,1,99.87,13,5,9,11,0,29,0.448,1,0,0,1,0,0,1,3,1,0.24,3.224,0.172,52,-1.069,2,0,0,0,Rejected,Accepted,Rejected,Rejected
MZSIIDSSJFIMBH-OAHLLOKOSA-N,CC(C)(C)OC(=O)N1CC[C@@H](Oc2cncc3nnc(-c4ccc(OC(F)F)cc4)n23)C1,0.00002012282,0.0007832439,45.6013341514686,0.23153286,0.056801945,0.09542534,-4.747,3.194,3.662,0.243,0.001,0.003,0.077,0.975,-4.501,2.01594484678935E-05,0.23,89.54468536376953%,0.89,14.900625228881836%,0.61,0.5,0.913,0.543,0.894,0.092,0.171,0.279,0.914,0.582,8.085,0.58,0.895,0.985,0.928,0.034,0.061,0.988,0.633,0.845,0.003,0.008,0.854,1.022,2.779,3.466,4.093,0.002,0.034,0.104,0.012,0.014,0.004,0.006,0.267,0.004,0.002,0.041,0.005,447.17,418.734,1.068,9,0,91.08,8,4,9,11,0,22,0.364,1,1,2,2,0,2,0,3,0,0.588,3.322,0.429,81.667,-1.688,2,0,0,0,Accepted,Accepted,Rejected,Accepted
AYCLSNPBHCHSBX-CYBMUJFWSA-N,CC(C)(C)[C@H](N)COc1cncc2nnc(-c3ccc(OC(F)F)cc3)n12,0.0005881825,0.018613327,29.8805666711323,0.27696025,0.13878904,0.09034856,-4.391,2.89,3.091,0.046,0.519,0.004,0.012,0.082,-5.244,2.30403329624096E-05,0.108,78.85655212402344%,1.816,33.61725997924805%,0.979,0.481,0.694,0.318,0.677,0.069,0.453,0.725,0.913,0.453,9.04,0.249,0.934,0.435,0.168,0.006,0.156,0.979,0.276,0.36,0.003,0.009,0.838,2.079,4.012,4.917,5.582,0.001,0.008,0.1,0.026,0.013,0.005,0.004,0.257,0.004,0.001,0.037,0.004,377.17,360.459,1.046,7,2,87.56,7,3,9,9,0,16,0.438,1,0,0,0,0,2,0,2,0,0.71,3.409,0.389,40,-1.394,2,0,0,0,Accepted,Accepted,Accepted,Accepted
APNVCAYADQJJBZ-MRXNPFEDSA-N,N[C@H](COc1cncc2nnc(-c3ccc(OC(F)F)cc3)n12)c1ccccc1,0.0021588393,0.87122023,29.1916354472608,0.27570382,0.16096112,0.10976846,-3.882,2.477,2.451,0.01,0.121,0.005,0.004,0.01,-5.261,2.017065162363E-05,0.421,85.83635711669922%,1.032,17.81879234313965%,0.991,0.534,0.861,0.161,0.406,0.09,0.865,0.811,0.941,0.327,9.315,0.258,0.953,0.564,0.074,0.064,0.106,0.978,0.257,0.345,0.003,0.009,0.702,1.878,3.935,4.901,5.419,0.001,0.031,0.16,0.054,0.015,0.004,0.003,0.346,0.009,0,0.11,0.006,397.14,378.585,1.049,7,2,87.56,7,4,9,9,0,22,0.318,1,0,0,0,0,0,0,2,0,0.514,3.143,0.15,42,-1.423,2,0,0,0,Accepted,Accepted,Accepted,Accepted
IRNGBTTWXYLTKY-UHFFFAOYSA-N,FC(F)Oc1ccc(-c2nnc3cncc(OCCCN4CCNCC4)n23)cc1,0.00000041363467,0.04265423,45.8914397073012,0.38061592,0.17872675,0.12640774,-1.906,1.691,1.55,0.002,0.998,0.01,0.025,0.12,-4.956,8.69970699568512E-06,0.802,63.61626052856445%,1.725,51.367347717285156%,0.833,0.601,0.094,0.742,0.043,0.179,0.845,0.858,0.362,0.446,9.367,0.21,0.949,0.782,0.041,0.032,0.047,0.941,0.868,0.08,0.003,0.007,0.78,0.564,2.389,3.084,3.834,0,0.005,0.049,0.006,0.013,0.003,0.003,0.59,0.015,0.001,0.008,0.008,404.18,380.195,1.063,8,1,76.81,8,4,9,10,0,22,0.364,0,0,0,0,0,0,0,2,0,0.576,2.824,0.421,45.926,-1.748,2,0,0,0,Accepted,Accepted,Rejected,Accepted
RCMKVKOUZNGPQM-UHFFFAOYSA-N,CC(C)(C)OC(=O)N1CC(Oc2cncc3nnc(-c4ccc(OC(F)F)cc4)n23)C1,0.000017376668,0.0006383987,40.8746624057454,0.25441268,0.028943617,0.073392496,-4.569,3.007,3.303,0.095,0.001,0.002,0.184,0.991,-4.454,1.99637415789766E-05,0.191,87.8768081665039%,0.788,17.41063117980957%,0.368,0.237,0.922,0.504,0.885,0.062,0.203,0.186,0.812,0.53,8.774,0.597,0.931,0.974,0.668,0.008,0.112,0.97,0.219,0.831,0.003,0.008,0.855,1.014,2.682,3.136,3.849,0.001,0.032,0.132,0.031,0.013,0.004,0.005,0.223,0.006,0.002,0.11,0.007,433.16,401.438,1.079,9,0,91.08,8,4,9,11,0,21,0.381,0,1,2,2,0,2,0,3,0,0.609,2.901,0.4,55.357,-1.571,2,0,0,0,Accepted,Accepted,Rejected,Accepted
UJEXQWIATUOBMI-UHFFFAOYSA-N,CCCCCCOc1cncc2nnc(-c3ccc(OC(F)F)cc3)n12,0.000011218467,0.3508789,23.417842846287,0.27516043,0.16766018,0.09034856,-5.08,3.875,4.62,0.06,0.002,0.004,0.015,0.521,-4.566,2.59980824921513E-05,0.529,93.47918701171875%,2.49,6.124138355255127%,0.988,0.352,0.901,0.169,0.891,0.208,0.59,0.188,0.811,0.309,8.101,0.201,0.914,0.443,0.247,0.005,0.035,0.956,0.464,0.434,0.003,0.011,0.595,2.281,4.569,5.118,4.669,0,0.004,0.229,0.832,0.013,0.01,0.003,0.558,0.007,0.002,0.164,0.006,362.16,349.462,1.036,6,0,61.54,9,3,9,8,0,16,0.562,0,0,0,0,0,0,0,2,0,0.53,2.638,0.389,16,-1.419,2,0,0,0,Accepted,Rejected,Rejected,Accepted
CJSLCIMCMDZCJM-UHFFFAOYSA-N,CCCCCCCCOc1cncc2nnc(-c3ccc(OC(F)F)cc3)n12,0.000011218467,0.3508789,24.0645387386904,0.29164627,0.21615605,0.09034856,-5.578,4.299,5.577,0.347,0.003,0.005,0.11,0.857,-4.626,2.59905191342114E-05,0.47,95.78199768066406%,2.994,2.7632904052734375%,0.979,0.2,0.864,0.124,0.886,0.312,0.745,0.156,0.838,0.276,7.375,0.146,0.924,0.415,0.199,0.006,0.031,0.956,0.603,0.308,0.003,0.011,0.62,2.574,5.003,5.532,5.041,0,0.003,0.226,0.932,0.014,0.013,0.004,0.655,0.006,0.003,0.355,0.006,390.19,384.054,1.016,6,0,61.54,11,3,9,8,0,16,0.688,0,0,0,0,0,0,0,2,0,0.425,2.645,0.45,16,-1.318,2,0,0,0,Accepted,Rejected,Rejected,Accepted
HJOHTEUEFDSADX-UHFFFAOYSA-N,CC(Cc1ccccc1)Oc1cncc2nnc(-c3ccc(OC(F)F)cc3)n12,0.9977254,0.71363693,30.5190667626658,0.31609455,0.10456121,0.10976846,-5.03,3.806,4.338,0.147,0,0.005,0.001,0.038,-4.534,3.14831959258299E-05,0.564,95.9160385131836%,2.127,1.7597615718841553%,0.991,0.194,0.946,0.11,0.954,0.154,0.939,0.3,0.918,0.424,8.827,0.24,0.948,0.73,0.607,0.014,0.018,0.97,0.183,0.552,0.003,0.009,0.493,2.343,4.08,4.578,4.715,0.001,0.038,0.114,0.368,0.015,0.005,0.004,0.434,0.009,0.001,0.09,0.005,396.14,384.884,1.029,6,0,61.54,7,4,9,8,0,22,0.318,1,0,0,0,0,0,0,2,0,0.463,3.112,0.19,42,-1.234,2,0,0,0,Accepted,Rejected,Rejected,Accepted
VZIMTSNALAAOKI-UHFFFAOYSA-N,FC(F)Oc1ccc(-c2nnc3cncc(OCC(F)(F)F)n23)cc1,0.0009783424,0.19709039,22.6984933230652,0.2613547,0.0884965,0.13106593,-4.576,2.709,2.855,0.01,0.001,0.004,0.002,0.012,-4.518,2.62532903434476E-05,0.73,91.72232818603516%,4.106,10.378680229187012%,0.992,0.839,0.912,0.21,0.58,0.153,0.352,0.308,0.653,0.464,6.001,0.3,0.912,0.82,0.416,0.021,0.062,0.961,0.382,0.437,0.003,0.01,0.643,2.148,3.525,4.943,5.787,0,0.007,0.165,0.04,0.012,0.007,0.003,0.084,0.008,0.002,0.019,0.005,360.06,298.481,1.206,6,0,61.54,6,3,9,11,0,16,0.375,0,0,0,0,0,1,0,3,0,0.653,2.812,0.214,19,-1.931,2,0,0,0,Accepted,Accepted,Accepted,Accepted
VZIMTSNALAAOKI-UHFFFAOYSA-N,FC(F)Oc1ccc(-c2nnc3cncc(OCC(F)(F)F)n23)cc1,0.0009783424,0.19709039,22.6984933230652,0.2613547,0.0884965,0.13106593,-4.576,2.709,2.855,0.01,0.001,0.004,0.002,0.012,-4.518,2.62532903434476E-05,0.73,91.72232818603516%,4.106,10.378680229187012%,0.992,0.839,0.912,0.21,0.58,0.153,0.352,0.308,0.653,0.464,6.001,0.3,0.912,0.82,0.416,0.021,0.062,0.961,0.382,0.437,0.003,0.01,0.643,2.148,3.525,4.943,5.787,0,0.007,0.165,0.04,0.012,0.007,0.003,0.084,0.008,0.002,0.019,0.005,360.06,298.481,1.206,6,0,61.54,6,3,9,11,0,16,0.375,0,0,0,0,0,1,0,3,0,0.653,2.812,0.214,19,-1.931,2,0,0,0,Accepted,Accepted,Accepted,Accepted
HVUQPBATDGPASX-UHFFFAOYSA-N,CC(C)(C)OC(=O)NCc1ccccc1COc1cncc2nnc(-c3ccc(OC(F)F)cc3)n12,0.019383352,0.022910062,37.1790702308169,0.29910675,0.09911499,0.07985647,-4.754,3.437,4.001,0.49,0.002,0.004,0.002,0.844,-4.671,3.98540505557321E-05,0.226,96.0835189819336%,0.936,3.121645450592041%,0.951,0.487,0.921,0.175,0.943,0.093,0.323,0.571,0.903,0.475,10.157,0.629,0.909,0.857,0.936,0.033,0.097,0.96,0.063,0.411,0.003,0.006,0.121,1.131,4.005,4.734,4.545,0.001,0.01,0.382,0.158,0.015,0.008,0.003,0.452,0.008,0.001,0.274,0.009,497.19,480.009,1.036,9,1,99.87,11,4,9,11,0,23,0.478,0,0,1,1,0,2,2,3,1,0.366,2.821,0.28,25,-1.529,2,0,0,0,Accepted,Accepted,Rejected,Accepted
JZQWOBLPBIKWTG-UHFFFAOYSA-N,FC(F)Oc1ccc(-c2nnc3cncc(OCc4ccccc4C(F)(F)F)n23)cc1,0.9984104,0.77801013,30.0946568137843,0.32283235,0.1573225,0.14691179,-4.944,3.814,4.194,0.003,0.002,0.005,0.002,0.004,-4.608,3.03010529023595E-05,0.458,96.29236602783203%,4.467,1.9182400703430176%,0.992,0.624,0.936,0.111,0.954,0.278,0.768,0.426,0.836,0.382,8.259,0.109,0.889,0.897,0.846,0.025,0.048,0.941,0.051,0.155,0.003,0.01,0.676,2.221,4.365,5.89,6.545,0.001,0.018,0.211,0.903,0.015,0.013,0.004,0.625,0.004,0.002,0.219,0.011,436.1,385.791,1.13,6,0,61.54,7,4,9,11,0,22,0.318,0,0,0,0,0,1,1,3,0,0.399,2.76,0.15,24,-1.672,2,0,0,0,Accepted,Rejected,Rejected,Accepted
RUCOJBDTJHZXTN-UHFFFAOYSA-N,Nc1cc(Cl)ccc1Oc1cncc2nnc(-c3ccc(OC(F)F)cc3)n12,0.10236386,0.63447744,25.1143327517103,0.28645456,0.10631014,0.18285011,-5.283,3.135,3.8,0.02,0.014,0.004,0.001,0.002,-4.686,1.8518214346841E-05,0.166,95.86455535888672%,0.906,3.045382499694824%,0.993,0.307,0.956,0.102,0.937,0.191,0.892,0.695,0.928,0.34,7.418,0.247,0.963,0.478,0.579,0.129,0.09,0.982,0.244,0.662,0.003,0.011,0.821,2.059,4.357,5.263,5.931,0.001,0.006,0.596,0.58,0.015,0.006,0.003,0.655,0.009,0.001,0.367,0.01,403.06,359.204,1.122,7,2,87.56,5,4,9,10,0,22,0.227,0,1,0,5,0,1,3,3,1,0.496,2.729,0.056,22,-1.716,3,0,0,0,Accepted,Accepted,Rejected,Accepted
XZHUXMSTZXVAOM-UHFFFAOYSA-N,FC(F)Oc1ccc(-c2nnc3cncc(OC4c5ccccc5CC4Br)n23)cc1,0.12269086,0.9009279,22.0220330389993,0.30737334,0.11906535,0.12289456,-5.065,3.684,4.294,0.42,0,0.005,0.002,0.013,-4.682,2.32186321227346E-05,0.643,97.01288604736328%,2.405,2.0016801357269287%,0.973,0.45,0.949,0.233,0.97,0.159,0.635,0.473,0.945,0.798,3.357,0.118,0.921,0.673,0.515,0.031,0.183,0.969,0.062,0.627,0.003,0.008,0.713,2.576,4.607,6.094,6.393,0,0.016,0.334,0.952,0.012,0.01,0.005,0.603,0.008,0.002,0.663,0.017,472.03,395.611,1.193,6,0,61.54,5,5,9,9,0,26,0.192,2,2,0,3,0,0,3,3,0,0.389,3.728,0.19,84.24,-1.069,3,1,0,0,Accepted,Rejected,Rejected,Accepted
YDHUWNKEIONDLX-UHFFFAOYSA-N,COC(COc1cncc2nnc(-c3ccc(OC(F)F)cc3)n12)c1ccccc1,0.998615,0.91773933,29.4993185431216,0.27073213,0.17012241,0.12811166,-4.647,3.018,3.487,0.011,0.003,0.005,0.002,0.068,-4.552,2.441762444505E-05,0.547,94.54950714111328%,1.053,5.625046253204346%,0.971,0.849,0.896,0.294,0.767,0.075,0.632,0.325,0.875,0.567,7.926,0.128,0.926,0.572,0.11,0.127,0.028,0.96,0.177,0.41,0.003,0.01,0.248,2.224,4.378,5.115,5.881,0,0.024,0.216,0.391,0.015,0.01,0.003,0.522,0.009,0.001,0.105,0.008,412.13,393.675,1.047,7,0,70.77,8,4,9,9,0,22,0.364,1,0,0,0,0,1,0,2,0,0.433,3.217,0.19,42,-1.262,2,0,0,0,Accepted,Rejected,Rejected,Accepted
FPUKFUXNJVICQV-UHFFFAOYSA-N,CC(C)(Cc1ccccc1)Oc1cncc2nnc(-c3ccc(OC(F)F)cc3)n12,0.031515215,0.489249,23.230983529628,0.27736375,0.10898813,0.14608654,-5.195,3.888,4.593,0.265,0,0.004,0.003,0.646,-4.492,3.58676770702004E-05,0.317,96.28740692138672%,1.587,1.757595181465149%,0.988,0.297,0.919,0.115,0.963,0.157,0.85,0.119,0.93,0.58,7.866,0.183,0.955,0.912,0.395,0.008,0.036,0.964,0.177,0.603,0.003,0.008,0.507,2.353,4.182,4.754,4.616,0,0.009,0.126,0.701,0.016,0.013,0.003,0.632,0.006,0.001,0.315,0.003,410.16,402.18,1.02,6,0,61.54,7,4,9,8,0,22,0.318,0,0,0,0,0,1,0,2,0,0.438,2.791,0.227,23,-1.284,2,0,0,0,Accepted,Rejected,Rejected,Accepted
KVXMFPZEWKYOMC-UHFFFAOYSA-N,FC(F)Oc1ccc(-c2nnc3cncc(OCCc4ccccn4)n23)cc1,0.0008450693,0.16526018,23.2306009437476,0.3724846,0.1493158,0.101848684,-3.914,2.209,2.46,0.003,0.001,0.005,0.001,0.02,-4.617,3.08704147755634E-05,0.527,83.77164459228516%,1.389,14.491969108581543%,0.993,0.447,0.901,0.154,0.61,0.225,0.317,0.227,0.709,0.345,6.713,0.491,0.896,0.828,0.684,0.019,0.028,0.973,0.462,0.387,0.003,0.009,0.374,1.435,3.441,3.597,4.034,0.001,0.009,0.219,0.515,0.013,0.006,0.003,0.539,0.009,0.002,0.067,0.007,383.12,361.289,1.06,7,0,74.43,7,4,9,9,0,22,0.318,0,0,0,0,0,1,0,2,0,0.487,2.719,0.158,20,-1.86,2,0,0,0,Accepted,Accepted,Accepted,Accepted
YKPPHMFLUFEXNV-UHFFFAOYSA-N,C[Si](C)(C)CCOc1cncc2nnc(-c3ccc(OC(F)F)cc3)n12,0.00007741605,0.02538292,,0.27124614,0.12252037,0.06978098,-5.124,3.47,3.614,0.015,0.015,0.004,0.003,0.147,-4.757,1.48479539348045E-05,0.032,99.00897216796875%,1.464,1.6436275243759155%,0.976,0.951,0.36,0.264,0.158,0.154,0.02,0.155,0.287,0.423,4.628,0.49,0.83,0.305,0.041,0.005,0.011,0.956,0.359,0.397,0.003,0.011,0.809,2.117,3.262,3.375,4.192,0.001,0.004,0.246,0.051,0.012,0.007,0.004,0.46,0.008,0.001,0.04,0.007,378.13,38792714.969,0,6,0,61.54,7,3,9,9,0,16,0.438,0,0,0,0,0,0,0,1,0,0.579,2.934,0.353,19,-1.496,2,0,0,0,Accepted,Rejected,Accepted,Accepted
URFNBHXVCAGAFH-UHFFFAOYSA-N,COc1ccc(COc2cncc3nnc(-c4ccc(OC(F)F)cc4)n23)cc1OC,0.83333385,0.50452113,25.5076207835044,0.29642084,0.15473887,0.14403655,-4.541,3.011,2.969,0.01,0.003,0.004,0.003,0.04,-4.585,1.6249045074801E-05,0.184,94.59837341308594%,0.996,4.6988115310668945%,0.973,0.941,0.9,0.584,0.89,0.715,0.303,0.883,0.922,0.804,10.846,0.5,0.949,0.395,0.567,0.02,0.031,0.962,0.109,0.303,0.003,0.008,0.615,2.468,4.224,5.407,6.068,0.003,0.034,0.2,0.436,0.015,0.007,0.003,0.641,0.014,0.001,0.066,0.01,428.13,402.465,1.064,8,0,80,8,4,9,10,0,22,0.364,0,0,0,0,0,0,3,2,0,0.42,2.614,0.19,22,-1.302,2,0,0,0,Accepted,Accepted,Rejected,Accepted
DRCWBTMWIRBBBH-UHFFFAOYSA-N,FC(F)Oc1ccc(-c2nnc3cncc(OCCc4c[nH]c5ccccc45)n23)cc1,0.75362456,0.92414474,47.5133890945363,0.33889842,0.20873882,0.085616805,-5.22,3.353,4.159,0.004,0.018,0.005,0.001,0.008,-4.85,1.69467857631389E-05,0.414,96.1654281616211%,2.364,2.200261116027832%,0.993,0.246,0.951,0.075,0.949,0.759,0.886,0.856,0.939,0.336,7.694,0.358,0.959,0.863,0.29,0.026,0.058,0.983,0.272,0.211,0.003,0.01,0.616,2.07,4.341,5.013,6.212,0.001,0.004,0.83,0.932,0.016,0.022,0.003,0.759,0.009,0.003,0.317,0.011,421.14,401.984,1.048,7,1,77.33,7,5,9,9,0,26,0.269,0,1,0,3,0,0,0,2,2,0.419,2.743,0.136,25,-1.275,2,0,0,0,Accepted,Accepted,Rejected,Accepted
DKPVTRRXIRTHFW-UHFFFAOYSA-N,FC(F)Oc1ccc(-c2nnc3cncc(OCc4cccc(C(F)(F)F)c4)n23)cc1,0.99875534,0.92538416,33.3327337774831,0.31456682,0.13744012,0.14691179,-5.341,3.914,4.306,0.005,0.002,0.005,0.002,0.004,-4.612,2.83385306829587E-05,0.267,96.58487701416016%,3.971,2.3212296962738037%,0.99,0.542,0.915,0.1,0.954,0.202,0.819,0.388,0.9,0.356,7.823,0.108,0.941,0.725,0.542,0.012,0.038,0.948,0.05,0.111,0.003,0.01,0.619,2.361,4.488,5.743,6.634,0.001,0.011,0.19,0.838,0.017,0.011,0.003,0.701,0.004,0.001,0.275,0.01,436.1,385.791,1.13,6,0,61.54,7,4,9,11,0,22,0.318,0,0,0,0,0,1,1,3,0,0.399,2.71,0.15,24,-1.732,2,0,0,0,Accepted,Rejected,Rejected,Accepted
PQKMPDINOFAQBE-UHFFFAOYSA-N,Nc1cccc(COc2cncc3nnc(-c4ccc(OC(F)F)cc4)n23)c1,0.23251602,0.70469725,34.0205966191348,0.3604924,0.17103937,0.10976846,-3.839,2.453,2.606,0.01,0.055,0.005,0.001,0.004,-4.756,2.51559922617162E-05,0.142,90.2451171875%,1.139,11.694038391113281%,0.992,0.226,0.931,0.106,0.924,0.086,0.687,0.57,0.941,0.294,9.978,0.316,0.953,0.666,0.516,0.244,0.033,0.968,0.17,0.625,0.003,0.012,0.86,1.57,3.937,4.507,6.253,0.001,0.008,0.387,0.227,0.014,0.004,0.003,0.612,0.01,0.001,0.189,0.009,383.12,361.289,1.06,7,2,87.56,6,4,9,9,0,22,0.273,0,0,0,5,0,0,3,2,1,0.512,2.683,0.105,21,-1.609,3,0,0,0,Accepted,Accepted,Accepted,Accepted
PQKMPDINOFAQBE-UHFFFAOYSA-N,Nc1cccc(COc2cncc3nnc(-c4ccc(OC(F)F)cc4)n23)c1,0.23251602,0.70469725,34.0205966191348,0.3604924,0.17103937,0.10976846,-3.839,2.453,2.606,0.01,0.055,0.005,0.001,0.004,-4.756,2.51559922617162E-05,0.142,90.2451171875%,1.139,11.694038391113281%,0.992,0.226,0.931,0.106,0.924,0.086,0.687,0.57,0.941,0.294,9.978,0.316,0.953,0.666,0.516,0.244,0.033,0.968,0.17,0.625,0.003,0.012,0.86,1.57,3.937,4.507,6.253,0.001,0.008,0.387,0.227,0.014,0.004,0.003,0.612,0.01,0.001,0.189,0.009,383.12,361.289,1.06,7,2,87.56,6,4,9,9,0,22,0.273,0,0,0,5,0,0,3,2,1,0.512,2.683,0.105,21,-1.609,3,0,0,0,Accepted,Accepted,Accepted,Accepted
LDLBBFOVDLAALA-UHFFFAOYSA-N,FC(F)Oc1ccc(-c2nnc3cncc(OCCCBr)n23)cc1,0.000020277394,0.34965205,24.4779426732038,0.29012004,0.16004585,0.09034856,-4.666,3.171,3.318,0.025,0.001,0.004,0.01,0.696,-4.533,2.14764077099971E-05,0.682,88.38838958740234%,1.283,12.726959228515625%,0.993,0.614,0.918,0.27,0.723,0.228,0.443,0.393,0.734,0.319,4.685,0.303,0.875,0.768,0.519,0.303,0.077,0.956,0.294,0.805,0.003,0.011,0.583,1.786,3.659,4.609,4.567,0,0.005,0.247,0.468,0.011,0.004,0.004,0.454,0.007,0.002,0.063,0.012,398.02,316.858,1.256,6,0,61.54,7,3,9,9,0,16,0.438,0,1,0,4,0,0,1,2,1,0.449,2.828,0.267,16,-1.619,3,1,0,0,Accepted,Rejected,Accepted,Accepted
WOEBGRIGGCDQRK-UHFFFAOYSA-N,FC(F)Oc1ccc(-c2nnc3cncc(OCc4cccc(Br)c4)n23)cc1,0.9575987,0.7845179,28.4520975460245,0.29125792,0.17297907,0.101848684,-5.221,3.659,4.374,0.785,0,0.007,0.002,0.042,-4.558,2.81060983979842E-05,0.471,96.65320587158203%,2.072,2.734135389328003%,0.993,0.198,0.948,0.112,0.952,0.103,0.883,0.312,0.9,0.383,4.042,0.2,0.907,0.368,0.697,0.008,0.033,0.973,0.129,0.317,0.003,0.011,0.385,2.711,4.652,5.79,6.166,0.001,0.005,0.252,0.135,0.013,0.003,0.003,0.403,0.007,0.001,0.271,0.008,446.02,369.576,1.207,6,0,61.54,6,4,9,9,0,22,0.273,0,1,0,0,0,0,1,3,0,0.428,2.653,0.105,21,-1.719,3,0,0,0,Accepted,Rejected,Rejected,Accepted
WOEBGRIGGCDQRK-UHFFFAOYSA-N,FC(F)Oc1ccc(-c2nnc3cncc(OCc4cccc(Br)c4)n23)cc1,0.9575987,0.7845179,28.4520975460245,0.29125792,0.17297907,0.101848684,-5.221,3.659,4.374,0.785,0,0.007,0.002,0.042,-4.558,2.81060983979842E-05,0.471,96.65320587158203%,2.072,2.734135389328003%,0.993,0.198,0.948,0.112,0.952,0.103,0.883,0.312,0.9,0.383,4.042,0.2,0.907,0.368,0.697,0.008,0.033,0.973,0.129,0.317,0.003,0.011,0.385,2.711,4.652,5.79,6.166,0.001,0.005,0.252,0.135,0.013,0.003,0.003,0.403,0.007,0.001,0.271,0.008,446.02,369.576,1.207,6,0,61.54,6,4,9,9,0,22,0.273,0,1,0,0,0,0,1,3,0,0.428,2.653,0.105,21,-1.719,3,0,0,0,Accepted,Rejected,Rejected,Accepted
PJOLUEGNJQWULF-UHFFFAOYSA-N,O=[N+]([O-])c1cccc(CCOc2cncc3nnc(-c4ccc(OC(F)F)cc4)n23)c1,0.6896023,0.5495894,24.9652318052409,0.31556946,0.10205235,0.10108676,-5.187,3.729,3.789,0.203,0.001,0.005,0.002,0.014,-4.604,0.000176929534063675,0.164,96.91500091552734%,0.875,2.2993011474609375%,0.983,0.162,0.935,0.085,0.953,0.206,0.816,0.413,0.923,0.37,8.101,0.207,0.944,0.586,0.419,0.503,0.045,0.964,0.502,0.715,0.003,0.01,0.695,1.994,4.276,5.114,5.333,0.001,0.061,0.248,0.423,0.016,0.005,0.004,0.562,0.008,0.002,0.545,0.008,427.11,393.529,1.085,9,0,104.68,8,4,9,11,0,23,0.348,0,0,0,5,0,2,0,2,2,0.31,2.746,0.15,22,-1.726,3,0,0,0,Accepted,Accepted,Rejected,Accepted
JNQZAPNWBVAOJV-UHFFFAOYSA-N,FC(F)Oc1ccc(-c2nnc3cncc(OCCCc4ccccc4)n23)cc1,0.0010819737,0.8629187,29.8364782691362,0.27189618,0.1632496,0.090429686,-5.069,3.727,4.375,0.039,0.001,0.004,0.002,0.044,-4.611,3.23244748869911E-05,0.595,95.99861907958984%,1.938,1.8959360122680664%,0.994,0.241,0.945,0.095,0.96,0.237,0.895,0.215,0.869,0.432,8.393,0.213,0.947,0.508,0.145,0.011,0.024,0.964,0.253,0.265,0.003,0.01,0.384,2.402,4.436,5.113,5.175,0,0.008,0.274,0.845,0.015,0.009,0.004,0.71,0.007,0.002,0.247,0.006,396.14,384.884,1.029,6,0,61.54,8,4,9,8,0,22,0.364,0,0,0,0,0,0,0,2,0,0.413,2.551,0.19,20,-1.408,2,0,0,0,Accepted,Rejected,Rejected,Accepted
SXFIAYRNCQBIKG-UHFFFAOYSA-N,FC(F)Oc1ccc(-c2nnc3cncc(OC4CN5CCC4CC5)n23)cc1,0.000007043066,0.029165134,33.7430915658586,0.30310875,0.14540869,0.09034856,-3.652,2.144,2.732,0.008,0.208,0.005,0.002,0.022,-4.638,1.33067524075159E-05,0.978,67.70059967041016%,1.314,33.61992263793945%,0.538,0.716,0.446,0.618,0.401,0.154,0.951,0.874,0.826,0.441,8.367,0.139,0.983,0.859,0.162,0.016,0.104,0.976,0.58,0.31,0.003,0.008,0.9,1.714,3.181,3.732,4.416,0,0.014,0.059,0.009,0.012,0.006,0.004,0.241,0.01,0.001,0.008,0.007,387.15,360.642,1.074,7,0,64.78,5,6,9,9,0,25,0.2,1,0,0,0,0,0,0,2,0,0.671,4.113,0.421,87.963,-1.115,2,0,0,0,Accepted,Accepted,Accepted,Accepted
SBJHRXFPKNPJRB-UHFFFAOYSA-N,FC(F)Oc1ccc(-c2nnc3cncc(OCCN4CCOCC4)n23)cc1,0.0000008444279,0.027568165,35.1928497552297,0.3295655,0.1207769,0.15096594,-2.964,1.888,1.803,0.002,0.022,0.004,0.147,0.11,-4.536,1.2955008969584E-05,0.907,65.74860382080078%,0.997,36.05730056762695%,0.92,0.847,0.265,0.748,0.06,0.116,0.323,0.692,0.528,0.499,9.809,0.315,0.864,0.711,0.085,0.035,0.032,0.926,0.525,0.779,0.003,0.008,0.579,0.673,1.975,3.002,3.592,0,0.015,0.103,0.011,0.017,0.005,0.003,0.544,0.012,0.001,0.012,0.007,391.15,360.693,1.084,8,0,74.01,7,4,9,10,0,22,0.318,0,0,0,0,0,1,0,2,0,0.611,2.739,0.389,46.4,-1.965,2,0,0,0,Accepted,Accepted,Accepted,Accepted
SGGRCAPGPGTMGZ-UHFFFAOYSA-N,FC(F)Oc1ccc(-c2nnc3cncc(OCc4ccc(C(F)(F)F)cc4)n23)cc1,0.001073895,0.63344485,30.1827388814247,0.24694169,0.15762754,0.23093331,-5.45,3.924,4.365,0.005,0.002,0.004,0.002,0.004,-4.601,2.72368160949554E-05,0.295,96.71582794189453%,3.805,1.9913554191589355%,0.986,0.429,0.898,0.091,0.954,0.211,0.703,0.471,0.804,0.396,7.611,0.075,0.935,0.794,0.705,0.013,0.041,0.942,0.046,0.14,0.003,0.01,0.601,2.366,4.528,5.802,6.786,0.001,0.011,0.173,0.909,0.018,0.027,0.003,0.755,0.004,0.002,0.255,0.014,436.1,385.791,1.13,6,0,61.54,7,4,9,11,0,22,0.318,0,0,0,0,0,1,1,3,0,0.399,2.68,0.15,24,-1.591,2,0,0,0,Accepted,Rejected,Rejected,Accepted
QEZNEKHZIHMOSV-UHFFFAOYSA-N,Nc1ccc(COc2cncc3nnc(-c4ccc(OC(F)F)cc4)n23)cc1,0.0000071865015,0.24189427,27.3634086428509,0.29271254,0.18957779,0.12838237,-4.003,2.339,2.525,0.012,0.041,0.005,0.001,0.003,-4.733,2.29661291086813E-05,0.162,89.94147491455078%,1.035,12.826624870300293%,0.99,0.15,0.909,0.12,0.914,0.091,0.635,0.676,0.918,0.381,10.462,0.254,0.955,0.745,0.673,0.59,0.043,0.964,0.151,0.755,0.003,0.012,0.854,1.681,4.071,4.625,6.635,0.001,0.008,0.418,0.625,0.015,0.012,0.003,0.612,0.01,0.001,0.227,0.012,383.12,361.289,1.06,7,2,87.56,6,4,9,9,0,22,0.273,0,0,0,5,0,0,3,2,1,0.512,2.64,0.105,21,-1.461,3,0,0,1,Accepted,Accepted,Accepted,Accepted
QEZNEKHZIHMOSV-UHFFFAOYSA-N,Nc1ccc(COc2cncc3nnc(-c4ccc(OC(F)F)cc4)n23)cc1,0.0000071865015,0.24189427,27.3634086428509,0.29271254,0.18957779,0.12838237,-4.003,2.339,2.525,0.012,0.041,0.005,0.001,0.003,-4.733,2.29661291086813E-05,0.162,89.94147491455078%,1.035,12.826624870300293%,0.99,0.15,0.909,0.12,0.914,0.091,0.635,0.676,0.918,0.381,10.462,0.254,0.955,0.745,0.673,0.59,0.043,0.964,0.151,0.755,0.003,0.012,0.854,1.681,4.071,4.625,6.635,0.001,0.008,0.418,0.625,0.015,0.012,0.003,0.612,0.01,0.001,0.227,0.012,383.12,361.289,1.06,7,2,87.56,6,4,9,9,0,22,0.273,0,0,0,5,0,0,3,2,1,0.512,2.64,0.105,21,-1.461,3,0,0,1,Accepted,Accepted,Accepted,Accepted
QEZNEKHZIHMOSV-UHFFFAOYSA-N,Nc1ccc(COc2cncc3nnc(-c4ccc(OC(F)F)cc4)n23)cc1,0.0000071865015,0.24189427,27.3634086428509,0.29271254,0.18957779,0.12838237,-4.003,2.339,2.525,0.012,0.041,0.005,0.001,0.003,-4.733,2.29661291086813E-05,0.162,89.94147491455078%,1.035,12.826624870300293%,0.99,0.15,0.909,0.12,0.914,0.091,0.635,0.676,0.918,0.381,10.462,0.254,0.955,0.745,0.673,0.59,0.043,0.964,0.151,0.755,0.003,0.012,0.854,1.681,4.071,4.625,6.635,0.001,0.008,0.418,0.625,0.015,0.012,0.003,0.612,0.01,0.001,0.227,0.012,383.12,361.289,1.06,7,2,87.56,6,4,9,9,0,22,0.273,0,0,0,5,0,0,3,2,1,0.512,2.64,0.105,21,-1.461,3,0,0,1,Accepted,Accepted,Accepted,Accepted
OWIFKJZZDXKCNR-UHFFFAOYSA-N,FC(F)Oc1ccc(-c2nnc3cncc(OCc4ccc(Br)cc4)n23)cc1,0.000121272635,0.33656463,26.9869462089794,0.27206674,0.14526887,0.119299576,-5.301,3.658,4.442,0.748,0,0.007,0.002,0.035,-4.544,2.78786337730708E-05,0.478,96.75518798828125%,1.918,2.389078140258789%,0.991,0.185,0.922,0.114,0.95,0.098,0.864,0.44,0.813,0.534,3.595,0.153,0.915,0.385,0.81,0.009,0.036,0.971,0.104,0.381,0.003,0.011,0.361,2.731,4.665,5.877,6.401,0.001,0.007,0.227,0.37,0.013,0.005,0.003,0.479,0.007,0.001,0.271,0.01,446.02,369.576,1.207,6,0,61.54,6,4,9,9,0,22,0.273,0,1,0,0,0,0,1,3,0,0.428,2.605,0.105,21,-1.596,3,0,0,0,Accepted,Rejected,Rejected,Accepted
KCBOMBDTLAGWMT-UHFFFAOYSA-N,FC(F)Oc1ccc(-c2nnc3cncc(OCc4ccnc(Br)c4)n23)cc1,0.0034355281,0.092100054,31.4540063779398,0.29704753,0.15979795,0.119299576,-4.455,3.011,3.222,0.032,0,0.006,0.001,0.043,-4.561,2.86934482573997E-05,0.376,93.35079956054688%,1.209,9.163098335266113%,0.993,0.343,0.943,0.15,0.933,0.093,0.469,0.452,0.873,0.379,2.154,0.224,0.925,0.645,0.787,0.01,0.05,0.981,0.218,0.45,0.003,0.009,0.467,2.087,4.264,5.353,5.292,0.001,0.004,0.202,0.279,0.012,0.004,0.003,0.291,0.008,0.001,0.068,0.009,447.01,363.277,1.23,7,0,74.43,6,4,9,10,0,22,0.273,0,0,0,0,1,1,1,3,0,0.413,2.892,0.111,21,-1.55,3,0,0,0,Accepted,Rejected,Rejected,Accepted
DIILOCWLEJJCLW-UHFFFAOYSA-N,FC(F)Oc1ccc(-c2nnc3cncc(OC4CCNCC4)n23)cc1,0.000007668629,0.012644799,43.0855262945747,0.29337144,0.13007393,0.25817388,-2.55,2.027,1.711,0.005,0.99,0.005,0.002,0.173,-4.755,1.11331846710527E-05,0.647,61.047584533691406%,1.389,54.71393585205078%,0.942,0.538,0.465,0.437,0.174,0.088,0.745,0.302,0.563,0.29,8.333,0.295,0.967,0.89,0.052,0.017,0.078,0.977,0.809,0.104,0.003,0.009,0.812,1.197,2.934,3.316,4.361,0,0.004,0.079,0.021,0.012,0.004,0.003,0.325,0.01,0.001,0.009,0.007,361.14,334.607,1.079,7,1,73.57,5,4,9,9,0,22,0.227,0,0,0,0,0,0,0,2,0,0.753,2.869,0.353,48.696,-1.272,2,0,0,0,Accepted,Accepted,Accepted,Accepted
OKFLHBAPGCNGDN-UHFFFAOYSA-N,COc1ccc(COc2cncc3nnc(-c4ccc(OC(F)F)cc4)n23)cc1,0.38343045,0.77854925,25.9198813690768,0.25639534,0.14719456,0.1493144,-4.851,3.049,3.481,0.01,0.001,0.005,0.002,0.055,-4.565,2.03586387215182E-05,0.296,95.4469223022461%,1.348,3.8094143867492676%,0.987,0.692,0.903,0.218,0.922,0.579,0.654,0.859,0.898,0.733,9.823,0.228,0.955,0.499,0.766,0.036,0.025,0.97,0.162,0.377,0.003,0.01,0.536,2.431,4.429,5.442,6.101,0.001,0.019,0.191,0.563,0.017,0.015,0.003,0.673,0.011,0.001,0.089,0.009,398.12,376.379,1.058,7,0,70.77,7,4,9,9,0,22,0.318,0,0,0,0,0,0,1,2,0,0.469,2.541,0.15,21,-1.419,2,0,0,0,Accepted,Rejected,Accepted,Accepted
KVSGXRYWPUOYSV-UHFFFAOYSA-N,CC1(Oc2cncc3nnc(-c4ccc(OC(F)F)cc4)n23)CCNCC1,0.000004886361,0.03495633,34.3032832257273,0.28304055,0.15563479,0.10309067,-2.484,2.187,2.021,0.005,0.885,0.004,0.017,0.475,-4.753,1.40795928018633E-05,0.569,63.1220703125%,1.815,50.59562301635742%,0.969,0.656,0.238,0.552,0.201,0.101,0.711,0.54,0.458,0.434,8.134,0.267,0.962,0.937,0.134,0.009,0.141,0.965,0.856,0.126,0.003,0.008,0.868,1.085,2.758,3.335,4.036,0,0.004,0.105,0.083,0.014,0.004,0.003,0.563,0.01,0.001,0.014,0.006,375.15,351.903,1.066,7,1,73.57,5,4,9,9,0,22,0.227,0,0,0,0,0,0,0,2,0,0.739,3.134,0.389,52.8,-1.061,2,0,0,0,Accepted,Accepted,Accepted,Accepted
TWPKRZMCPMWKAY-UHFFFAOYSA-N,NCCCCCOc1cncc2nnc(-c3ccc(OC(F)F)cc3)n12,0.0003223391,0.34852478,30.3371830398859,0.30824038,0.2158266,0.09034856,-2.914,2.091,2.11,0.015,0.969,0.006,0.003,0.014,-5.02,1.41486143547809E-05,0.364,56.50312042236328%,1.322,49.851436614990234%,0.991,0.58,0.771,0.15,0.412,0.215,0.517,0.656,0.847,0.293,8.23,0.426,0.957,0.581,0.05,0.016,0.098,0.971,0.702,0.244,0.003,0.009,0.724,1.481,3.829,4.234,4.545,0.001,0.006,0.169,0.477,0.012,0.005,0.003,0.44,0.008,0.001,0.039,0.008,363.15,343.163,1.058,7,2,87.56,9,3,9,9,0,16,0.562,0,0,0,0,0,0,1,2,0,0.588,2.723,0.353,16,-1.342,2,0,0,0,Accepted,Accepted,Accepted,Accepted
ODNUOIXRUGYLML-UHFFFAOYSA-N,FC(F)Oc1ccc(-c2nnc3cncc(OCc4cc5c(cc4Cl)OCO5)n23)cc1,0.0011943419,0.73444253,24.843785767443,0.32577267,0.17153354,0.11791819,-5.392,3.459,4.09,0.012,0.001,0.002,0.002,0.025,-4.663,2.22418457269669E-05,0.016,97.75946044921875%,1.945,1.4248096942901611%,0.992,0.178,0.961,0.088,0.95,0.623,0.927,0.742,0.959,0.384,12.517,0.211,0.867,0.698,0.791,0.049,0.032,0.976,0.097,0.701,0.003,0.009,0.536,2.711,4.663,5.988,6.095,0.003,0.137,0.699,0.194,0.018,0.009,0.002,0.55,0.011,0.003,0.377,0.046,446.06,391.823,1.138,8,0,80,6,5,9,11,0,26,0.231,0,1,0,0,0,1,2,3,1,0.435,2.87,0.15,54.261,-1.44,2,0,0,0,Accepted,Accepted,Rejected,Accepted
HNLQWKUTLGYDHM-UHFFFAOYSA-N,FC(F)Oc1ccc(-c2nnc3cncc(OCC4c5ccccc5-c5ccccc54)n23)cc1,0.00038962302,0.78851527,31.5409261364658,0.37232432,0.14415115,0.09805521,-6.181,4.141,5.562,0.021,0.004,0.004,0.002,0.006,-4.688,2.92027707473608E-05,0.511,98.1512451171875%,2.137,1.1974202394485474%,0.878,0.612,0.912,0.105,0.925,0.287,0.957,0.865,0.926,0.481,4.567,0.049,0.901,0.706,0.475,0.337,0.087,0.985,0.037,0.555,0.003,0.008,0.198,3.226,4.974,6.265,6.888,0.001,0.041,0.517,0.925,0.021,0.009,0.007,0.861,0.01,0.001,0.581,0.017,456.14,446.342,1.022,6,0,61.54,6,6,13,8,0,31,0.194,0,1,0,3,0,0,0,2,0,0.334,2.784,0.115,62.069,-1.24,2,0,0,0,Accepted,Rejected,Rejected,Accepted
BHCAOWNYTVGIBQ-UHFFFAOYSA-N,FC(F)Oc1ccc(-c2nnc3cncc(OCc4ccccc4)n23)cc1,0.00078618265,0.78471714,26.073321282116,0.28028384,0.124896,0.101848684,-4.618,3.342,3.461,0.004,0.001,0.005,0.002,0.008,-4.588,3.96510040445719E-05,0.65,95.27825927734375%,1.608,3.997103214263916%,0.993,0.313,0.948,0.121,0.94,0.09,0.746,0.217,0.783,0.431,9.233,0.357,0.931,0.647,0.768,0.024,0.025,0.963,0.147,0.348,0.003,0.011,0.443,2.12,4.221,4.961,4.915,0,0.011,0.228,0.239,0.014,0.008,0.003,0.499,0.008,0.001,0.085,0.008,368.11,350.292,1.051,6,0,61.54,6,4,9,8,0,22,0.273,0,0,0,0,0,0,1,2,0,0.515,2.501,0.105,20,-1.56,2,0,0,0,Accepted,Rejected,Accepted,Accepted
HGIIVVOURRMURU-GFCCVEGCSA-N,C[C@H](COc1cncc2nnc(-c3ccc(OC(F)F)cc3)n12)NC(=O)OC(C)(C)C,0.0000062323593,0.0005757234,33.8413399273964,0.24045436,0.13117371,0.11959855,-4.542,3.187,3.541,0.484,0.006,0.007,0.016,0.956,-4.656,1.94008734979434E-05,0.197,88.7278823852539%,0.856,11.503832817077637%,0.971,0.591,0.896,0.399,0.842,0.049,0.065,0.296,0.808,0.459,10.294,0.46,0.843,0.899,0.937,0.021,0.154,0.963,0.136,0.482,0.003,0.007,0.343,0.843,3.11,4.015,4.116,0.002,0.01,0.093,0.007,0.013,0.003,0.004,0.098,0.004,0.002,0.034,0.004,435.17,409.995,1.061,9,1,99.87,10,3,9,11,0,17,0.588,1,0,0,1,0,2,0,3,1,0.604,3.296,0.4,42,-1.687,2,0,0,0,Accepted,Accepted,Rejected,Accepted
HGIIVVOURRMURU-LBPRGKRZSA-N,C[C@@H](COc1cncc2nnc(-c3ccc(OC(F)F)cc3)n12)NC(=O)OC(C)(C)C,0.0000062323593,0.0005757234,33.8413399273964,0.24045436,0.13117371,0.11959855,-4.436,3.122,3.329,0.693,0.002,0.005,0.014,0.903,-4.818,2.92009426630102E-05,0.161,87.069580078125%,0.642,13.486102104187012%,0.977,0.529,0.895,0.402,0.803,0.066,0.061,0.46,0.717,0.349,10.597,0.503,0.839,0.913,0.868,0.021,0.141,0.961,0.115,0.743,0.003,0.007,0.426,0.95,3.082,3.928,4.18,0,0.006,0.114,0.007,0.014,0.003,0.003,0.249,0.004,0.001,0.039,0.004,435.17,409.995,1.061,9,1,99.87,10,3,9,11,0,17,0.588,1,0,0,1,0,2,0,3,1,0.604,3.296,0.4,42,-1.687,2,0,0,0,Accepted,Accepted,Rejected,Accepted
SDPYEXOSVNFLTG-LJQANCHMSA-N,CC(C)(C)OC(=O)N[C@@H](COc1cncc2nnc(-c3ccc(OC(F)F)cc3)n12)Cc1ccccc1,0.00010074399,0.01963738,41.5628786057402,0.30007482,0.17693557,0.16518986,-5.261,3.88,4.899,0.983,0.004,0.004,0.003,0.892,-4.739,3.5593104257714E-05,0.122,95.79108428955078%,1.136,2.7793819904327393%,0.939,0.245,0.915,0.138,0.963,0.056,0.662,0.142,0.947,0.662,9.302,0.335,0.929,0.893,0.948,0.086,0.054,0.972,0.161,0.46,0.003,0.006,0.377,1.285,4.176,5.078,4.709,0.002,0.02,0.131,0.014,0.013,0.003,0.004,0.275,0.004,0.002,0.252,0.005,511.2,497.305,1.028,9,1,99.87,12,4,9,11,0,23,0.522,1,0,0,1,0,2,0,3,1,0.341,3.281,0.308,50,-1.227,2,0,0,0,Accepted,Accepted,Rejected,Rejected
SDPYEXOSVNFLTG-IBGZPJMESA-N,CC(C)(C)OC(=O)N[C@H](COc1cncc2nnc(-c3ccc(OC(F)F)cc3)n12)Cc1ccccc1,0.00010074399,0.01963738,41.5628786057402,0.30007482,0.17693557,0.16518986,-5.025,3.828,4.667,0.976,0.002,0.004,0.003,0.862,-4.861,9.85148435574956E-05,0.047,95.6488037109375%,0.995,4.031021595001221%,0.953,0.294,0.911,0.125,0.956,0.076,0.604,0.394,0.932,0.504,9.508,0.405,0.938,0.864,0.774,0.057,0.068,0.966,0.151,0.575,0.003,0.006,0.396,1.283,4.036,4.765,4.715,0,0.017,0.213,0.016,0.017,0.003,0.004,0.587,0.005,0.001,0.336,0.006,511.2,497.305,1.028,9,1,99.87,12,4,9,11,0,23,0.522,1,0,0,1,0,2,0,3,1,0.341,3.281,0.308,50,-1.227,2,0,0,0,Accepted,Accepted,Rejected,Rejected
SVESTRXSTDSGPL-QJHODABBSA-N,CC(C)CCC[C@@H](C)[C@H]1CC[C@H]2[C@@H]3CC=C4C[C@H](Oc5cncc6nnc(-c7ccc(OC(F)F)cc7)n56)CC[C@]4(C)[C@H]3CC[C@]12C,0.000043702064,0.11779383,30.6802563546069,0.37109935,0.31178764,0.21851926,-7.229,7.037,9.436,0.993,0.001,0.003,0.007,0.174,-4.724,2.06164440896828E-05,0.596,97.48597717285156%,5.628,1.4223206043243408%,0.092,0.187,0.448,0.282,0.755,0.153,0.277,0.241,0.95,0.667,5.753,0.016,0.995,0.38,0.816,0.007,0.011,0.987,0.944,0.088,0.003,0.008,0.183,1.966,5.396,6.377,6.473,0.004,0.022,0.037,0.973,0.017,0.01,0.006,0.704,0.003,0.007,0.772,0.007,646.41,675.816,0.956,6,0,61.54,10,7,17,8,0,36,0.278,8,0,0,0,0,1,0,2,0,0.205,4.846,0.667,145.385,0.542,2,0,0,0,Rejected,Rejected,Rejected,Rejected
AYBWUPHIGNMRJE-UHFFFAOYSA-N,CC(C)(C)OC(=O)NC1CC(Oc2cncc3nnc(-c4ccc(OC(F)F)cc4)n23)C1,0.000008556773,0.0026929416,38.168955753752,0.29303434,0.06970556,0.07064427,-4.823,3.199,3.365,0.654,0.004,0.004,0.002,0.924,-4.663,1.71472238434944E-05,0.336,84.23491668701172%,0.833,19.638654708862305%,0.756,0.3,0.926,0.124,0.898,0.049,0.111,0.164,0.88,0.318,10.005,0.392,0.926,0.887,0.556,0.019,0.264,0.931,0.103,0.766,0.003,0.007,0.737,1.1,2.922,3.656,4.686,0.001,0.012,0.108,0.014,0.016,0.003,0.004,0.174,0.006,0.002,0.08,0.005,447.17,418.734,1.068,9,1,99.87,9,4,9,11,0,21,0.429,0,0,0,1,0,2,0,3,1,0.613,2.958,0.429,56.667,-1.405,2,0,0,0,Accepted,Accepted,Rejected,Accepted
LWFBIVPFBNYMNY-UHFFFAOYSA-N,FC(F)Oc1ccc(-c2nnc3cncc(OC4CCCCC4)n23)cc1,0.000011161019,0.013839788,28.5948573228003,0.2597786,0.14685175,0.09034856,-5.017,3.544,4.161,0.338,0.002,0.004,0.004,0.699,-4.565,2.24898176384158E-05,0.676,93.12818145751953%,2.352,4.274418354034424%,0.975,0.279,0.918,0.146,0.911,0.095,0.795,0.113,0.92,0.243,6.794,0.164,0.947,0.68,0.16,0.009,0.035,0.967,0.572,0.543,0.003,0.012,0.606,2.319,4.465,4.722,4.81,0,0.004,0.179,0.808,0.012,0.006,0.005,0.422,0.006,0.003,0.144,0.006,360.14,340.906,1.056,6,0,61.54,5,4,9,8,0,22,0.227,0,0,0,0,0,0,0,2,0,0.685,2.716,0.389,49.6,-1.368,2,0,0,0,Accepted,Rejected,Rejected,Accepted
VMKPQXUWPSNHRT-UHFFFAOYSA-N,CCCCCCCCCCOc1cncc2nnc(-c3ccc(OC(F)F)cc3)n12,0.000011218467,0.3508789,24.0645387386904,0.29164627,0.22709367,0.09034856,-6.042,4.62,6.525,0.724,0.004,0.005,0.635,0.962,-4.695,2.41853867919417E-05,0.409,97.16727447509766%,3.666,1.2254517078399658%,0.953,0.189,0.801,0.09,0.852,0.493,0.777,0.135,0.841,0.241,6.761,0.102,0.929,0.391,0.159,0.006,0.029,0.956,0.716,0.211,0.003,0.011,0.616,2.174,5.224,5.777,5.388,0,0.002,0.219,0.951,0.015,0.016,0.005,0.732,0.005,0.003,0.582,0.006,418.22,418.646,0.999,6,0,61.54,13,3,9,8,0,16,0.812,0,0,0,0,0,0,0,2,0,0.323,2.661,0.5,16,-1.23,2,1,0,0,Accepted,Rejected,Rejected,Accepted
RNEQLIZZSUBEBT-UHFFFAOYSA-N,CCCCCCCCCCCC(=O)Oc1cncc2nnc(-c3ccc(OC(F)F)cc3)n12,0.0000032688408,0.0012848683,21.6497015368831,0.24401364,0.049852587,0.09346824,-5.924,4.59,6.504,0.954,0.013,0.008,0.836,0.989,-4.753,2.24148516281275E-05,0.487,97.28534698486328%,1.326,0.5902103781700134%,0.948,0.169,0.803,0.071,0.869,0.561,0.601,0.05,0.845,0.184,6.093,0.192,0.849,0.201,0.273,0.006,0.087,0.965,0.853,0.231,0.003,0.01,0.891,2.08,5.292,5.29,5.499,0.001,0.003,0.101,0.84,0.014,0.009,0.011,0.612,0.003,0.003,0.437,0.004,460.23,459.392,1.002,7,0,78.61,15,3,9,9,0,17,0.882,0,0,0,0,0,0,1,2,0,0.21,2.746,0.5,17,-1.06,2,1,0,0,Accepted,Accepted,Rejected,Accepted
VLUMKIZZILRSCC-UHFFFAOYSA-N,COc1ccc(-c2coc3cc(Oc4cncc5nnc(-c6ccc(OC(F)F)cc6)n45)ccc3c2=O)cc1,0.0067008585,0.48595813,38.193551960448,0.33903858,0.1315872,0.34921122,-6.177,3.085,5.134,0.11,0.002,0.005,0.003,0.025,-4.702,1.35260870592901E-05,0.014,99.7397232055664%,0.355,0.8030114769935608%,0.837,0.2,0.792,0.061,0.877,0.875,0.293,0.912,0.901,0.45,4.051,0.089,0.968,0.437,0.909,0.137,0.118,0.99,0.105,0.445,0.003,0.01,0.649,2.741,5.169,6.653,7.046,0.005,0.017,0.303,0.948,0.047,0.024,0.003,0.906,0.087,0.001,0.669,0.019,528.12,502.032,1.052,9,0,100.98,7,6,10,11,0,34,0.206,0,1,0,3,0,0,0,2,0,0.25,2.874,0.071,32,-0.796,3,0,0,0,Rejected,Accepted,Rejected,Rejected
HQIRBTBPPPJSKH-LFIBNONCSA-N,CC(C)=CCC/C(C)=C/COc1cncc2nnc(-c3ccc(OC(F)F)cc3)n12,0.000027878781,0.0069232634,23.2978510622582,0.31621188,0.16680771,0.13213302,-5.39,4.301,5.524,0.663,0.064,0.006,0.005,0.093,-4.59,1.9459690520307E-05,0.089,98.6894760131836%,1.903,0.9043200612068176%,0.988,0.167,0.902,0.169,0.921,0.087,0.844,0.191,0.841,0.258,9.021,0.134,0.963,0.969,0.049,0.003,0.014,0.968,0.636,0.055,0.003,0.01,0.245,3.27,4.418,6.374,6.335,0,0.006,0.161,0.24,0.015,0.005,0.004,0.782,0.008,0.004,0.142,0.005,414.19,413.373,1.002,6,0,61.54,9,3,9,8,0,18,0.5,0,0,0,1,0,0,1,2,0,0.435,3.05,0.318,18,-0.408,2,0,0,0,Accepted,Rejected,Rejected,Accepted
SGJJGDDSUPTRMM-INIZCTEOSA-N,CC(C)C[C@@H](COc1cncc2nnc(-c3ccc(OC(F)F)cc3)n12)NC(=O)OC(C)(C)C,0.0000030692484,0.0004954915,39.5821500842548,0.29944047,0.123292,0.16807145,-5.025,4.013,4.603,0.912,0.001,0.005,0.006,0.815,-4.714,3.58773249899968E-05,0.203,91.84519958496094%,1.023,8.783076286315918%,0.847,0.341,0.89,0.311,0.926,0.064,0.073,0.381,0.875,0.348,9.67,0.449,0.915,0.862,0.773,0.031,0.104,0.953,0.162,0.707,0.003,0.007,0.532,1.319,3.812,4.394,4.528,0,0.005,0.133,0.01,0.014,0.003,0.005,0.385,0.003,0.002,0.167,0.005,477.22,461.883,1.033,9,1,99.87,12,3,9,11,0,17,0.706,1,0,0,1,0,2,0,3,1,0.476,3.397,0.478,44,-1.351,2,0,0,0,Accepted,Accepted,Rejected,Accepted
VLIJLHGKSJFLOH-AWEZNQCLSA-N,CC[C@@H](COc1cncc2nnc(-c3ccc(OC(F)F)cc3)n12)NC(=O)OC(C)(C)C,0.0000028560532,0.0007263727,36.2696572852175,0.26440096,0.11925374,0.14122652,-4.513,3.307,3.862,0.747,0.003,0.004,0.007,0.881,-4.764,3.28765127051156E-05,0.15,87.4708480834961%,0.824,14.718648910522461%,0.963,0.584,0.891,0.271,0.848,0.063,0.108,0.444,0.86,0.362,9.88,0.601,0.918,0.855,0.762,0.058,0.129,0.963,0.163,0.673,0.003,0.006,0.554,0.965,3.165,3.804,4.356,0,0.01,0.12,0.01,0.015,0.003,0.004,0.28,0.005,0.002,0.1,0.005,449.19,427.291,1.051,9,1,99.87,11,3,9,11,0,17,0.647,1,0,0,1,0,2,0,3,1,0.553,3.345,0.429,42,-1.475,2,0,0,0,Accepted,Accepted,Rejected,Accepted
XOAPOSKRQRQAIJ-CVEARBPZSA-N,COC(=O)[C@@H]1C[C@@H](Oc2cncc3nnc(-c4ccc(OC(F)F)cc4)n23)CN1C(=O)OC(C)(C)C,0.0000026256446,0.003869294,43.2936316785523,0.26695752,0.07547309,0.16261306,-4.852,3.142,3.409,0.959,0.001,0.004,0.325,0.99,-4.568,2.54452243098058E-05,0.102,72.68793487548828%,0.764,30.5471248626709%,0.335,0.471,0.874,0.592,0.858,0.054,0.048,0.132,0.916,0.64,8.86,0.364,0.862,0.99,0.978,0.015,0.068,0.989,0.459,0.441,0.003,0.007,0.836,0.69,2.743,3.964,4.217,0.004,0.061,0.079,0.007,0.016,0.004,0.005,0.333,0.005,0.001,0.021,0.004,505.18,468.27,1.079,11,0,117.38,10,4,9,13,0,23,0.435,2,1,2,2,0,2,1,3,0,0.465,3.719,0.435,87.545,-1.271,2,0,0,0,Rejected,Accepted,Rejected,Rejected
GQEWSMDFLJOHBM-UHFFFAOYSA-N,C.CCCNCC(COc1ccccc1C(=O)CCc1ccccc1)Oc1cncc2nnc(-c3ccc(OC(F)F)cc3)n12,0.0000197525,0.010122727,,0.2388589,0.13454793,0.08645577,-5.187,4.255,5.254,0.959,0.007,0.005,0.003,0.016,-4.819,1.87726564035984E-05,0.68,95.94344329833984%,2.206,0.7122841477394104%,0.757,0.524,0.904,0.178,0.959,0.193,0.989,0.872,0.984,0.501,7.47,0.182,0.972,0.934,0.189,0.043,0.056,0.983,0.062,0.105,0.003,0.006,0.479,2.292,5.14,4.601,6.698,0,0.019,0.25,0.022,0.014,0.003,0.005,0.82,0.009,0.001,0.292,0.011,601.25,601.911,0.999,9,1,99.87,16,5,9,11,0,29,0.552,1,0,0,0,0,0,1,2,0,0.108,3.475,0.273,54,-1.003,2,0,0,0,Rejected,Accepted,Rejected,Rejected
XYTKUONRELVLHU-UHFFFAOYSA-N,FC(F)Oc1ccc(-c2nnc3cncc(OCc4ncccn4)n23)cc1,0.0000032480775,0.0578927,20.9623499737703,0.37141976,0.15508614,0.101848684,-3.084,1.459,1.515,0.002,0.002,0.005,0.001,0.007,-4.593,3.02752468996914E-05,0.53,74.53357696533203%,1.041,26.734521865844727%,0.991,0.812,0.685,0.156,0.201,0.08,0.018,0.119,0.37,0.329,5.374,0.74,0.862,0.869,0.926,0.014,0.028,0.971,0.785,0.526,0.003,0.009,0.563,1.118,2.785,2.97,3.746,0,0.008,0.154,0.241,0.012,0.007,0.003,0.24,0.008,0.002,0.027,0.009,370.1,337.694,1.096,8,0,87.32,6,4,9,10,0,22,0.273,0,0,0,0,0,0,1,2,0,0.516,2.835,0.118,20,-1.826,2,0,0,0,Accepted,Accepted,Accepted,Accepted
VGERQKGFIXAIMF-UHFFFAOYSA-N,CC(C)(C)OC(=O)NC1CCC(Oc2cncc3nnc(-c4ccc(OC(F)F)cc4)n23)CC1,0.000001224289,0.00087416824,41.5679247126909,0.2878018,0.09049572,0.07064427,-4.995,3.47,4.015,0.894,0.005,0.003,0.003,0.871,-4.657,1.63714448717656E-05,0.506,93.66307067871094%,1.04,5.251391887664795%,0.683,0.416,0.897,0.151,0.92,0.077,0.35,0.159,0.921,0.312,9.087,0.269,0.943,0.878,0.529,0.019,0.145,0.959,0.178,0.841,0.003,0.006,0.666,0.853,2.979,3.409,4.345,0.001,0.009,0.105,0.056,0.016,0.004,0.004,0.376,0.004,0.003,0.126,0.006,475.2,453.326,1.048,9,1,99.87,9,4,9,11,0,23,0.391,0,0,0,1,0,2,0,3,1,0.556,2.92,0.478,58.824,-1.433,2,0,0,0,Accepted,Accepted,Rejected,Accepted
AYBWUPHIGNMRJE-UHFFFAOYSA-N,CC(C)(C)OC(=O)NC1CC(Oc2cncc3nnc(-c4ccc(OC(F)F)cc4)n23)C1,0.000008556773,0.0026929416,38.168955753752,0.29303434,0.06970556,0.07064427,-4.823,3.199,3.365,0.654,0.004,0.004,0.002,0.924,-4.663,1.71472238434944E-05,0.336,84.23491668701172%,0.833,19.638654708862305%,0.756,0.3,0.926,0.124,0.898,0.049,0.111,0.164,0.88,0.318,10.005,0.392,0.926,0.887,0.556,0.019,0.264,0.931,0.103,0.766,0.003,0.007,0.737,1.1,2.922,3.656,4.686,0.001,0.012,0.108,0.014,0.016,0.003,0.004,0.174,0.006,0.002,0.08,0.005,447.17,418.734,1.068,9,1,99.87,9,4,9,11,0,21,0.429,0,0,0,1,0,2,0,3,1,0.613,2.958,0.429,56.667,-1.405,2,0,0,0,Accepted,Accepted,Rejected,Accepted
VGERQKGFIXAIMF-UHFFFAOYSA-N,CC(C)(C)OC(=O)NC1CCC(Oc2cncc3nnc(-c4ccc(OC(F)F)cc4)n23)CC1,0.000001224289,0.00087416824,41.5679247126909,0.2878018,0.09049572,0.07064427,-4.995,3.47,4.015,0.894,0.005,0.003,0.003,0.871,-4.657,1.63714448717656E-05,0.506,93.66307067871094%,1.04,5.251391887664795%,0.683,0.416,0.897,0.151,0.92,0.077,0.35,0.159,0.921,0.312,9.087,0.269,0.943,0.878,0.529,0.019,0.145,0.959,0.178,0.841,0.003,0.006,0.666,0.853,2.979,3.409,4.345,0.001,0.009,0.105,0.056,0.016,0.004,0.004,0.376,0.004,0.003,0.126,0.006,475.2,453.326,1.048,9,1,99.87,9,4,9,11,0,23,0.391,0,0,0,1,0,2,0,3,1,0.556,2.92,0.478,58.824,-1.433,2,0,0,0,Accepted,Accepted,Rejected,Accepted
HQIRBTBPPPJSKH-WJDWOHSUSA-N,CC(C)=CCC/C(C)=C\COc1cncc2nnc(-c3ccc(OC(F)F)cc3)n12,0.000027878781,0.0069232634,23.2978510622582,0.31621188,0.16680771,0.13213302,-5.059,4.133,5.095,0.48,0.071,0.005,0.013,0.255,-4.578,1.63938384503126E-05,0.192,97.71114349365234%,3.518,1.0473917722702026%,0.987,0.244,0.9,0.238,0.919,0.122,0.849,0.4,0.875,0.313,10.285,0.322,0.947,0.967,0.067,0.004,0.025,0.949,0.662,0.217,0.003,0.009,0.461,2.488,3.885,5.504,5.837,0,0.005,0.111,0.248,0.014,0.008,0.004,0.651,0.008,0.004,0.094,0.005,414.19,413.373,1.002,6,0,61.54,9,3,9,8,0,18,0.5,0,0,0,1,0,0,1,2,0,0.435,3.05,0.318,18,-0.408,2,0,0,0,Accepted,Rejected,Rejected,Accepted
AVBCIJLYABLIRW-UHFFFAOYSA-N,FC(F)Oc1ccc(-c2nnc3cncc(OCCc4ccccc4)n23)cc1,0.9984403,0.9211767,26.6603962227637,0.28117794,0.13770099,0.101848684,-4.926,3.535,3.923,0.016,0.001,0.005,0.002,0.041,-4.573,3.46730339515489E-05,0.616,95.60943603515625%,1.599,2.759376049041748%,0.994,0.243,0.95,0.112,0.955,0.255,0.89,0.276,0.883,0.459,8.936,0.24,0.933,0.533,0.147,0.018,0.024,0.969,0.28,0.346,0.003,0.011,0.399,2.152,4.133,4.761,5.158,0.001,0.01,0.271,0.451,0.015,0.006,0.003,0.642,0.009,0.001,0.117,0.006,382.12,367.588,1.04,6,0,61.54,7,4,9,8,0,22,0.318,0,0,0,0,0,0,0,2,0,0.483,2.547,0.15,20,-1.433,2,0,0,0,Accepted,Rejected,Accepted,Accepted
VGERQKGFIXAIMF-UHFFFAOYSA-N,CC(C)(C)OC(=O)NC1CCC(Oc2cncc3nnc(-c4ccc(OC(F)F)cc4)n23)CC1,0.000001224289,0.00087416824,41.5679247126909,0.2878018,0.09049572,0.07064427,-4.995,3.47,4.015,0.894,0.005,0.003,0.003,0.871,-4.657,1.63714448717656E-05,0.506,93.66307067871094%,1.04,5.251391887664795%,0.683,0.416,0.897,0.151,0.92,0.077,0.35,0.159,0.921,0.312,9.087,0.269,0.943,0.878,0.529,0.019,0.145,0.959,0.178,0.841,0.003,0.006,0.666,0.853,2.979,3.409,4.345,0.001,0.009,0.105,0.056,0.016,0.004,0.004,0.376,0.004,0.003,0.126,0.006,475.2,453.326,1.048,9,1,99.87,9,4,9,11,0,23,0.391,0,0,0,1,0,2,0,3,1,0.556,2.92,0.478,58.824,-1.433,2,0,0,0,Accepted,Accepted,Rejected,Accepted
VGERQKGFIXAIMF-UHFFFAOYSA-N,CC(C)(C)OC(=O)NC1CCC(Oc2cncc3nnc(-c4ccc(OC(F)F)cc4)n23)CC1,0.000001224289,0.00087416824,41.5679247126909,0.2878018,0.09049572,0.07064427,-4.995,3.47,4.015,0.894,0.005,0.003,0.003,0.871,-4.657,1.63714448717656E-05,0.506,93.66307067871094%,1.04,5.251391887664795%,0.683,0.416,0.897,0.151,0.92,0.077,0.35,0.159,0.921,0.312,9.087,0.269,0.943,0.878,0.529,0.019,0.145,0.959,0.178,0.841,0.003,0.006,0.666,0.853,2.979,3.409,4.345,0.001,0.009,0.105,0.056,0.016,0.004,0.004,0.376,0.004,0.003,0.126,0.006,475.2,453.326,1.048,9,1,99.87,9,4,9,11,0,23,0.391,0,0,0,1,0,2,0,3,1,0.556,2.92,0.478,58.824,-1.433,2,0,0,0,Accepted,Accepted,Rejected,Accepted
ZSNCEBISKXGDLO-QPJJXVBHSA-N,FC(F)Oc1ccc(-c2nnc3cncc(OC/C=C/c4ccccc4)n23)cc1,0.35464448,0.87670845,23.0019702075734,0.30290073,0.13781631,0.101848684,-4.692,3.549,3.722,0.225,0.008,0.007,0.002,0.036,-4.635,1.99702753889142E-05,0.623,96.56951141357422%,1.031,1.9109256267547607%,0.994,0.248,0.949,0.1,0.902,0.152,0.793,0.443,0.887,0.356,7.383,0.315,0.97,0.859,0.723,0.213,0.02,0.968,0.256,0.545,0.003,0.011,0.353,2.73,4.489,5.809,6.165,0.001,0.018,0.455,0.836,0.021,0.006,0.003,0.896,0.021,0.002,0.196,0.008,394.12,382.248,1.031,6,0,61.54,7,4,9,8,0,23,0.304,0,0,0,1,0,0,2,2,0,0.462,2.734,0.095,20,-1.207,2,0,0,0,Accepted,Rejected,Accepted,Accepted
YMTDUFNJKSCNQS-UHFFFAOYSA-N,CC(C)(C)CC(C)(C)c1ccc(OCCOc2cncc3nnc(-c4ccc(OC(F)F)cc4)n23)cc1,0.15012643,0.4124048,32.2103657624321,0.30073076,0.28583446,0.25980973,-6.855,4.997,6.842,0.992,0.001,0.011,0.165,0.855,-4.716,2.37863077927614E-05,0.041,98.31251525878906%,3.162,1.4333406686782837%,0.624,0.418,0.832,0.213,0.955,0.734,0.691,0.788,0.942,0.726,6.94,0.038,0.933,0.306,0.104,0.01,0.019,0.956,0.109,0.196,0.003,0.01,0.516,1.835,5.165,5.839,6.643,0,0.01,0.151,0.981,0.022,0.024,0.003,0.883,0.004,0.004,0.806,0.012,510.24,514.746,0.991,7,0,70.77,11,4,9,9,0,22,0.5,0,0,0,0,0,2,0,2,0,0.225,2.92,0.393,27,-1.45,2,0,0,0,Rejected,Rejected,Rejected,Rejected
LCTPBSHFZLFIIR-UHFFFAOYSA-N,CCCCCCCCCCCCCCCCOCCOCCOCCOCCOCCOCCOCCOCCOCCOCCOCCOCCOCCOCCOCCOCCOCCOCCOCCOCCOc1cncc2nnc(-c3ccc(OC(F)F)cc3)n12,0.00004616416,0.09781293,30.6753855705936,0.3180525,0.22136062,0.1185324,-5.453,3.38,5.208,0.004,0,0,0.002,0,-4.716,1.17815977773716E-06,0,93.82982635498047%,-0.056,5.5874433517456055%,0,0.021,0.025,0.028,0.049,0,0,0,0.037,0.123,2.021,0.026,1,0.039,0,0.002,0.009,0,0.972,0.636,0.004,0.267,0,-0.208,2.879,2.914,4.68,0,0.003,0.001,0.811,0.279,0.203,0,0.92,0,0.037,0.717,0,1382.84,1390.066,0.995,26,0,246.14,79,3,9,28,0,16,4.938,0,0,0,0,0,1,0,2,1,0.048,4.572,0.838,16,-0.44,2,1,0,0,Rejected,Accepted,Rejected,Rejected
SVESTRXSTDSGPL-QJHODABBSA-N,CC(C)CCC[C@@H](C)[C@H]1CC[C@H]2[C@@H]3CC=C4C[C@H](Oc5cncc6nnc(-c7ccc(OC(F)F)cc7)n56)CC[C@]4(C)[C@H]3CC[C@]12C,0.000043702064,0.11779383,30.6802563546069,0.37109935,0.31178764,0.21851926,-7.229,7.037,9.436,0.993,0.001,0.003,0.007,0.174,-4.724,2.06164440896828E-05,0.596,97.48597717285156%,5.628,1.4223206043243408%,0.092,0.187,0.448,0.282,0.755,0.153,0.277,0.241,0.95,0.667,5.753,0.016,0.995,0.38,0.816,0.007,0.011,0.987,0.944,0.088,0.003,0.008,0.183,1.966,5.396,6.377,6.473,0.004,0.022,0.037,0.973,0.017,0.01,0.006,0.704,0.003,0.007,0.772,0.007,646.41,675.816,0.956,6,0,61.54,10,7,17,8,0,36,0.278,8,0,0,0,0,1,0,2,0,0.205,4.846,0.667,145.385,0.542,2,0,0,0,Rejected,Rejected,Rejected,Rejected
FOIRDBOYKSMTQF-JRDBBFJZSA-N,CC(C)C[C@@H](NC(=O)[C@H](C)NC(=O)CNC(=O)[C@@H](NC=O)C(C)C)C(=O)N[C@@H](C)C(=O)N[C@@H](C(=O)N[C@H](C(=O)N[C@H](C(=O)N[C@@H](Cc1c[nH]c2ccccc12)C(=O)N[C@H](CC(C)C)C(=O)N[C@@H](Cc1c[nH]c2ccccc12)C(=O)N[C@H](CC(C)C)C(=O)N[C@@H](Cc1c[nH]c2ccccc12)C(=O)N[C@H](CC(C)C)C(=O)N[C@@H](Cc1c[nH]c2ccccc12)C(=O)NCCOc1cncc2nnc(-c3ccc(OC(F)F)cc3)n12)C(C)C)C(C)C)C(C)C,0.00001150495,0.012411507,84.5884481211909,0.4351595,0.29865977,0.40152404,-4.705,7.365,10.525,1,1,0.881,0.992,0.971,-5.081,4.1565813262423E-06,0.002,100.1751937866211%,0.885,0.10613652318716049%,0,0.001,0.189,0.02,0.121,0.006,0.013,0.074,0.856,0.017,3.81,0.048,0.034,1,0.949,0.001,0.343,0.995,0.004,0.001,0.003,0,0.248,0.673,5.121,5.68,6.127,0,0.001,0.102,0.562,0.252,0.344,0.952,0.854,0.014,0.062,0.49,0.441,2141.12,2165.749,0.989,42,20,590.3,73,11,9,44,0,72,1.014,14,1,0,3,1,1,1,2,4,0.013,7.348,0.468,178,-0.343,3,0,0,0,Rejected,Accepted,Rejected,Rejected
UAITUJWMQCAEMK-UHFFFAOYSA-M,CC(C)[N+]1(C)C2CCC1CC(OC(=O)C(COc1cncc3nnc(-c4ccc(OC(F)F)cc4)n13)c1ccccc1)C2.[Br-],0.0005503864,0.17245856,39.5201012582441,0.32724032,0.2570771,0.102782264,-1.879,1.741,2.958,0,0.993,0.917,1,1,-5.401,1.6015226719901E-05,0.17,54.83368682861328%,1.737,45.17002868652344%,0.11,0.176,0.747,0.06,0.728,0.075,0.36,0.453,0.894,0.626,3.326,0.608,0.979,0.587,0.014,0.009,0.034,0.991,0.064,0.087,0.003,0.004,0.617,1.878,4.473,3.962,6.743,0,0.001,0.009,0.001,0.07,0.045,0.006,0.105,0.001,0,0.011,0.005,592.27,585.286,1.012,9,0,87.84,11,6,9,11,1,32,0.344,3,0,0,0,0,0,1,3,0,0.174,5.065,0.438,115.652,-0.646,2,0,0,0,Accepted,Accepted,Rejected,Rejected
JQZNCBJYXUKUSN-GEMQDWRSSA-N,C[C@@H](c1nc(-c2ccc(C#N)cc2)cs1)[C@@](Cn1cncn1)(Oc1cncc2nnc(-c3ccc(OC(F)F)cc3)n12)c1cc(F)ccc1F,0.002688264,0.050731756,45.2977956554705,0.38024133,0.22531092,0.47994372,-5.534,3.91,5.389,0.778,0.003,0.007,0.002,0.006,-4.916,2.63156252913177E-05,0.001,99.82018280029297%,1.284,2.245656728744507%,0.624,0.159,0.751,0.06,0.966,0.09,0.051,0.099,0.965,0.746,7.472,0.023,0.989,0.98,0.99,0.58,0.161,0.995,0.169,0.162,0.003,0.006,0.641,2.5,5.025,7.185,6.554,0,0.012,0.39,0.963,0.019,0.012,0.09,0.903,0.007,0.002,0.683,0.071,697.16,645.963,1.079,11,0,128.93,11,7,9,16,0,39,0.282,2,1,0,0,0,1,0,3,3,0.131,4.287,0.147,80,-1.848,3,0,0,0,Rejected,Accepted,Rejected,Rejected
OLEIGCYDIWEOMA-UHFFFAOYSA-N,CN(C)C(=O)C(CCN1CCC(Oc2cncc3nnc(-c4ccc(OC(F)F)cc4)n23)(c2ccc(Cl)cc2)CC1)(c1ccccc1)c1ccccc1.Cl,0.0000019066243,0.020256711,46.0391308179681,0.30589932,0.18758847,0.18781726,-5.47,4.661,6.211,1,0.035,0.003,0.003,0.007,-4.864,1.65025921887718E-05,0.827,95.69182586669922%,2.56,3.105165481567383%,0.065,0.802,0.617,0.941,0.856,0.055,0.989,0.526,0.97,0.933,7.554,0.009,0.997,0.399,0.031,0.021,0.437,0.968,0.035,0.08,0.003,0.004,0.867,2.234,4.666,5.736,5.166,0,0.699,0.481,0.294,0.072,0.016,0.017,0.862,0.002,0.001,0.892,0.759,736.27,732.674,1.005,9,0,85.09,13,7,9,12,0,41,0.317,0,1,0,0,0,2,0,3,0,0.126,3.486,0.268,89.885,-0.827,2,0,0,0,Rejected,Accepted,Rejected,Rejected
OWVBEUMSIBSNGU-UHFFFAOYSA-N,Cc1ncc([N+](=O)[O-])n1CCOc1cncc2nnc(-c3ccc(OC(F)F)cc3)n12,0.0000010475146,0.014220634,16.9683414498758,0.32138702,0.08178941,0.2292387,-4.155,2.037,1.933,0.071,0.451,0.004,0.002,0.011,-4.71,0.000112991183414124,0.115,72.16397857666016%,0.871,24.315977096557617%,0.892,0.892,0.563,0.283,0.564,0.127,0.062,0.303,0.673,0.571,7.981,0.472,0.893,0.953,0.956,0.986,0.026,0.958,0.462,0.941,0.003,0.007,0.112,1.117,3.604,3.756,4.012,0,0.013,0.16,0.033,0.011,0.01,0.003,0.366,0.009,0.001,0.033,0.007,431.12,383.567,1.124,11,0,122.5,8,4,9,13,0,22,0.364,0,0,0,5,0,2,0,2,2,0.308,3.056,0.222,23,-1.994,3,0,0,0,Accepted,Accepted,Rejected,Accepted
IJWAGGHAIPPADS-UHFFFAOYSA-N,CCCCCCCCCc1ccc(OCCOCCOc2cncc3nnc(-c4ccc(OC(F)F)cc4)n23)cc1,0.17175184,0.4124048,33.0975243687613,0.27596477,0.2987251,0.119299576,-6.462,4.808,7.346,0.982,0.001,0.001,0.094,0.208,-4.797,2.49146505666431E-05,0.019,99.11441802978516%,2.462,0.36283552646636963%,0.582,0.163,0.723,0.061,0.927,0.678,0.342,0.253,0.813,0.553,9.058,0.081,0.965,0.367,0.048,0.016,0.019,0.949,0.461,0.224,0.003,0.009,0.424,1.343,5.484,5.579,6.436,0,0.004,0.18,0.981,0.051,0.042,0.009,0.904,0.003,0.008,0.78,0.02,568.29,575.425,0.988,8,0,80,19,4,9,10,0,22,0.864,0,0,0,0,0,1,0,2,0,0.111,2.847,0.452,21,-1.051,2,0,0,0,Rejected,Accepted,Rejected,Rejected
FJIUFRNVLLGVPR-UHFFFAOYSA-N,CCCCCCCCCCCCCCCCCC(=O)OCCOc1cncc2nnc(-c3ccc(OC(F)F)cc3)n12,0.00001100882,0.006432244,28.4558421380446,0.28361902,0.0496826,0.09346824,-6.524,5.263,9.029,0.21,0.014,0.003,0.998,0.997,-4.957,1.87079021998215E-05,0.031,98.42162322998047%,3.622,0.2939935326576233%,0.466,0.146,0.453,0.057,0.648,0.829,0.656,0.035,0.783,0.162,6.7,0.057,0.876,0.296,0.075,0.005,0.029,0.94,0.884,0.105,0.003,0.01,0.76,0.97,5.912,4.248,6.002,0,0.002,0.14,0.886,0.035,0.019,0.022,0.852,0.002,0.015,0.554,0.029,588.35,606.55,0.97,8,0,87.84,24,3,9,10,0,17,1.412,0,0,0,0,0,0,0,2,0,0.081,2.917,0.625,17,-0.905,2,1,0,0,Rejected,Accepted,Rejected,Rejected
NJFZDNFRHBMWLQ-UHFFFAOYSA-M,Cc1ncc(C[n+]2csc(CCOc3cncc4nnc(-c5ccc(OC(F)F)cc5)n34)c2C)c(N)n1.Cl.[Cl-],0.000015363614,0.17309187,42.3201036617705,0.41867027,0.3339281,0.25289682,-2.797,2.065,1.588,0,1,0.197,0.993,0.993,-5.421,1.09427001007134E-05,0.436,65.2842025756836%,0.756,25.822946548461914%,0.742,0.954,0.467,0.048,0.14,0.053,0.775,0.538,0.179,0.401,6.289,0.742,0.972,0.963,0.253,0.008,0.075,0.983,0.361,0.187,0.003,0.005,0.506,0.998,2.298,3.541,4.541,0,0.002,0.611,0.899,0.011,0.018,0.006,0.723,0.007,0.002,0.193,0.014,525.16,486.757,1.079,10,2,117.95,9,5,9,13,1,28,0.321,0,0,0,0,0,0,0,2,1,0.285,3.743,0.25,28,-1.186,3,0,0,0,Accepted,Accepted,Rejected,Rejected
YMTDUFNJKSCNQS-UHFFFAOYSA-N,CC(C)(C)CC(C)(C)c1ccc(OCCOc2cncc3nnc(-c4ccc(OC(F)F)cc4)n23)cc1,0.15012643,0.4124048,32.2103657624321,0.30073076,0.28583446,0.25980973,-6.855,4.997,6.842,0.992,0.001,0.011,0.165,0.855,-4.716,2.37862823269097E-05,0.041,98.31250762939453%,3.162,1.4333415031433105%,0.624,0.418,0.832,0.213,0.955,0.734,0.691,0.788,0.942,0.726,6.94,0.038,0.933,0.306,0.104,0.01,0.019,0.956,0.109,0.196,0.003,0.01,0.516,1.835,5.165,5.839,6.643,0,0.01,0.151,0.981,0.022,0.024,0.003,0.883,0.004,0.004,0.806,0.012,510.24,514.746,0.991,7,0,70.77,11,4,9,9,0,22,0.5,0,0,0,0,0,2,0,2,0,0.225,2.92,0.393,27,-1.45,2,0,0,0,Rejected,Rejected,Rejected,Rejected
YMTDUFNJKSCNQS-UHFFFAOYSA-N,CC(C)(C)CC(C)(C)c1ccc(OCCOc2cncc3nnc(-c4ccc(OC(F)F)cc4)n23)cc1,0.15012643,0.4124048,32.2103657624321,0.30073076,0.28583446,0.25980973,-6.855,4.997,6.842,0.992,0.001,0.011,0.165,0.855,-4.716,2.37862823269097E-05,0.041,98.31250762939453%,3.162,1.4333415031433105%,0.624,0.418,0.832,0.213,0.955,0.734,0.691,0.788,0.942,0.726,6.94,0.038,0.933,0.306,0.104,0.01,0.019,0.956,0.109,0.196,0.003,0.01,0.516,1.835,5.165,5.839,6.643,0,0.01,0.151,0.981,0.022,0.024,0.003,0.883,0.004,0.004,0.806,0.012,510.24,514.746,0.991,7,0,70.77,11,4,9,9,0,22,0.5,0,0,0,0,0,2,0,2,0,0.225,2.92,0.393,27,-1.45,2,0,0,0,Rejected,Rejected,Rejected,Rejected
